,uuid_ecommer,product_description,product_type,prices,national,createdAt,updatedAt
0,c57e6f97-0bab-45fb-af99-262f01267a08,TRIGO,X,2.81,False,,
1,85aadfac-bf4d-411a-b8a7-7802f50c59bf,"TRIGO, EXCEPTO EL TRIGO DURO",X,1.81,False,,
2,23da0369-6d6b-4739-808d-3a9e15874b55,MAÃZ,X,2.55,False,,
3,01e0565d-4282-4826-854c-32e60513fb84,"CEBADA, CENTENO Y AVENA",X,2.0,False,,
4,de0f36d6-784f-4437-8273-886db367b74f,CEBADA,X,3.85,True,,
5,67fe896f-bbca-47fb-b544-8a548091a94d,CENTENO,X,1.2,True,,
6,cc2bf1b5-48bc-442e-9e27-dfbff7218dfb,AVENA,X,2.72,False,,
7,a2334066-b252-40b7-8358-6a0de8eef090,"SORGO, MIJO Y OTROS CEREALES",X,2.31,True,,
8,ef75ebe9-caea-4891-9bd8-b856b167ebf1,SORGO,X,0.91,True,,
9,00337af9-810e-44f4-89ef-8c45e414addf,MIJO,X,3.96,False,,
10,0d984802-f428-4954-884c-ad6e20e4e969,LEGUMBRES VERDES,X,2.72,False,,
11,4f9f8da3-ab99-4444-b924-dd3a7d8223c7,JUDÃAS VERDES,X,3.79,False,,
12,2ade915a-ac0f-484a-be07-5d8a8a100e5d,GUISANTES VERDES,X,2.14,False,,
13,18865350-c23f-4251-b7a9-51654d55018f,OTRAS LEGUMBRES VERDES,X,3.01,True,,
14,97e4e339-1412-41cf-87b2-bceb740b74be,LEGUMBRES SECAS,X,2.49,False,,
15,1515a6d7-5748-483e-a8ad-d4a0ebfd1739,JUDÃAS SECAS,X,3.42,False,,
16,0ba1155d-882c-44cd-af00-fda1a5c0c8c0,HABAS SECAS,X,2.48,False,,
17,e1b9bd6c-747d-41f1-9628-be88ffcff3f6,GARBANZOS SECOS,X,1.11,True,,
18,7ec43453-0702-42ad-92cf-47dd9e96b1da,LENTEJAS SECAS,X,1.02,True,,
19,66709087-3d57-4153-9a8d-0274dacb01f6,GUISANTES SECOS,X,2.65,False,,
20,a1ada0be-4d5f-4b31-8800-7b57a38c9df4,LEGUMBRES SECAS (LEGUMINOSAS EN GRANO) N.C.O.P.,X,3.65,True,,
21,6e1c3914-15da-43fa-b5a0-ac87282e6ba9,"SOJA, CACAHUETES Y SEMILLAS DE ALGODÃN",X,3.06,True,,
22,2e60a4ea-015a-46bc-89ea-43debaadf209,SOJA,X,1.13,False,,
23,85bb3042-6787-4f18-93d1-c3061574479a,CACAHUETES CON CÃSCARA,X,0.9,False,,
24,e39176ee-398a-466c-af6c-e2cf7f88c756,CACAHUETES SIN CÃSCARA,X,3.38,False,,
25,1d8cdeee-8c55-4322-94e1-a9431e9fc7f0,ARROZ DESCASCARILLADO,X,3.85,False,,
26,fdbdba5a-9ed2-4a21-98cd-b572b08998dd,HORTALIZAS CON HOJAS Y TALLOS,F,2.72,False,,
27,6af6a294-a1cf-4189-bea5-8dc8017c6c72,ESPÃRRAGOS,F,1.43,False,,
28,0ecbeffe-9bcc-4a2c-82da-be15e2ff6adc,COLES Y REPOLLOS,F,2.57,True,,
29,29f0ca86-92a4-4130-be25-3ebf799850c9,COLIFLORES Y BRÃCOLES,F,2.62,False,,
30,c8d1cbdd-975f-42b1-9ece-7a053ba96a4a,LECHUGAS,F,1.86,False,,
31,ac1dd640-85a2-4165-9433-eca0d4fba905,ENDIVIAS,F,1.99,True,,
32,c497714f-d5bb-4569-bb1e-56c9eb7b065f,ESPINACAS,F,2.06,False,,
33,eaad17f1-097a-4c1b-8ddf-ade6d9875df5,ALCACHOFAS,F,2.83,False,,
34,2dbd8a41-947a-4402-9e53-c590b12e4ce9,SANDÃAS,F,1.38,False,,
35,810b9e23-1820-4c46-9c24-ac4963d7c3b7,"GUINDILLAS Y PIMIENTOS, NO SECOS (SOLO DEL GÃNERO CAPSICUM)",F,2.0,False,,
36,aae5ea15-5941-4650-9e06-c45d9e3f121d,PEPINOS Y PEPINILLOS,F,2.23,True,,
37,d66dde3a-237b-4544-b92c-5cf384fec918,BERENJENAS,F,2.92,True,,
38,da93dc30-9112-4561-b585-7be75c8a4e82,TOMATES,F,2.25,True,,
39,73d734a2-3e52-4de9-99d2-0b642e60e75a,"RAÃCES, BULBOS Y TUBÃRCULOS",F,2.34,False,,
40,824c736a-8ed4-4ff3-b34a-993f535a70e0,ZANAHORIAS Y NABOS,F,2.08,True,,
41,2928eb35-7ae7-4e5d-bad2-3245d5cded8e,AJOS,F,1.92,False,,
42,da9ba33c-98f7-43d7-9902-a17f34f3af74,CEBOLLAS,F,2.38,True,,
43,e76806da-781e-4201-824b-d33716f4436c,PUERROS Y OTRAS HORTALIZAS ALIÃCEAS,F,2.7,False,,
44,bb8ba713-20a4-451c-a9f1-bbf867bd0dfe,RAÃCES Y TUBÃRCULOS COMESTIBLES RICOS EN ALMIDÃN O INULINA,F,1.54,True,,
45,c31e86c2-010c-4564-be1b-4d4346f73a2b,PATATAS,F,2.11,True,,
46,ddf9a570-7f8f-40c9-bb80-f3832c9fe7a5,BONIATOS,F,2.77,False,,
47,2400b246-3553-458b-8a83-3f38345359eb,MANDIOCA,F,2.22,True,,
48,a69bd4a3-9ebb-47f5-9f56-1e1e1abea442,"SEMILLAS DE LEGUMBRES Y HORTALIZAS, EXCEPTO DE REMOLACHA",F,1.59,True,,
49,dcbfd757-0654-41c1-abe2-b30da1e6975a,REMOLACHA AZUCARERA Y SUS SEMILLAS,F,2.33,False,,
50,48d2079a-51a4-4baa-967c-1d1e830d4c74,REMOLACHA AZUCARERA,F,2.13,True,,
51,10824166-62f4-4345-beb9-b3bd0bb6c115,SETAS Y TRUFAS,F,2.11,True,,
52,a48e512a-0d53-40af-939c-185be6d35de2,HORTALIZAS FRESCAS N.C.O.P.,F,1.58,False,,
53,6b798654-fd30-4b27-9eec-a0f1c8c5c755,AGUACATES,F,1.34,True,,
54,e6fd741c-2fc6-4f7b-aeaf-546dda81f6e8,"BANANAS, PLÃTANOS Y SIMILARES",F,2.92,True,,
55,74b80e30-553b-49bd-86e4-3d6aa17d2d8f,DÃTILES,F,1.55,False,,
56,11a0e3da-a5f8-41a2-b072-293c0cd524aa,HIGOS,F,2.07,False,,
57,889ae645-c239-4382-9112-3ab4b9642052,OTROS FRUTOS TROPICALES Y SUBTROPICALES,F,2.37,False,,
58,e5a59efb-5e65-4952-ab26-f65d4aa50cd5,POMELOS Y TORONJAS,F,1.55,True,,
59,df2711af-ddab-40f5-9b95-03ec96a8bc9b,LIMONES Y LIMAS,F,1.74,True,,
60,6bf58860-44b4-4dbb-8398-7cfc2b6f4fa7,NARANJAS,F,2.22,False,,
61,b3f29602-2c24-4df3-bdc6-280b018f27a0,"TANGERINAS, MANDARINAS Y CLEMENTINAS",F,1.32,False,,
62,1ceb364e-0e25-4fc3-a32e-23fd5de8edaf,MANZANAS,F,2.96,False,,
63,5a7ff7e0-9719-4be2-b64b-96fdb66e517a,OTRAS FRUTAS CON HUESO Y PEPITAS,F,2.55,True,,
64,9f7c87ef-1d74-4c38-b360-b256a7c721ff,PERAS,F,2.93,True,,
65,19abd6e2-8610-4a7a-bf05-1711a9050a02,MEMBRILLOS,F,1.36,False,,
66,635e9510-2e6e-4562-bae6-8d499782d7b4,ALBARICOQUES,F,1.39,False,,
67,65af1acf-e66e-4ebb-855a-3c75a39b56bd,CEREZAS,F,1.58,True,,
68,f854542a-cc47-409d-9d6c-01e8a7746f5e,MELOCOTONES,F,2.67,False,,
69,8342edb1-db91-4967-bbe8-4731c406c7fb,NECTARINAS,F,1.59,False,,
70,aef31279-160e-4d05-ad5f-3138105c0d65,CIRUELAS,F,2.07,False,,
71,da0dda04-9822-43a5-a53b-c841ba9cd5e6,ENDRINAS,F,2.09,True,,
72,5013e1af-3543-43ad-97e9-c508a37b11cd,OTRAS FRUTAS CON HUESO Y PEPITAS N.C.O.P.,F,2.58,False,,
73,6419082b-95be-4dd0-8cae-79f2b8b32645,BAYAS Y FRUTOS DEL GÃNERO VACCINIUM,S,2.22,True,,
74,ab0a6b41-03e2-40ee-9a9d-f287c34e498c,KIWIS,S,4.62,True,,
75,0650481f-95e8-4582-87c6-523dd5c68ec7,FRAMBUESAS,S,1.91,False,,
76,6b4719dc-fe7f-46d4-8d93-532911c047ce,FRESAS,S,2.29,False,,
77,18f12b9c-6e2f-4a32-8e21-e63bb1c4df5a,OTRAS BAYAS Y FRUTOS DEL GÃNERO VACCINIUM N.C.O.P.,S,3.36,False,,
78,b9b5a84f-3693-43bc-8a68-252750626fb6,SEMILLAS DE FRUTOS,S,1.87,False,,
79,f1213c5b-2d36-4708-afdb-12849d6178a4,"FRUTOS SECOS (EXCEPTO SILVESTRES, CACAHUETES Y COCOS)",S,1.32,True,,
80,356d00ce-10ec-457a-8d0b-8247e8cd2450,ALMENDRAS,S,3.44,False,,
81,6185d14b-2a57-4516-b107-0ac6840911c3,CASTAÃAS,S,3.31,True,,
82,a981debc-91b4-45b8-b9f9-561097129390,AVELLANAS,S,2.54,False,,
83,53193cc6-1f0a-49ff-863e-d31b41738df3,PISTACHOS,S,2.99,False,,
84,ae0b6e8d-3e24-4194-8d91-db308cbcc23a,NUECES,S,3.67,False,,
85,b778f061-907c-4bb8-84a3-8bb835de82a9,ACEITUNAS,S,1.87,True,,
86,1490cdb3-d7f2-4fd5-8bc9-25ad4205c8c6,ACEITUNAS DE MESA,S,4.62,False,,
87,d6b35d3e-79c5-4036-983b-7756cbd1cbcc,ACEITUNAS DESTINADAS A LA PRODUCCIÃN DE ACEITE,S,4.33,False,,
88,9e5fa979-f0c8-4bfc-a820-272cbdad36e0,COCOS,S,1.36,True,,
89,a61a5b7d-64a0-4b00-8b28-17d976d02804,CAFÃ EN GRANO SIN TOSTAR,S,2.06,True,,
90,7831b5b8-e750-41b1-926a-0ac0b9c1bef5,HOJAS DE TE,S,4.13,True,,
91,d02f9700-bf6d-408a-bca5-0235e3455277,HOJAS DE YERBA MATE,S,1.35,True,,
92,44db4b74-2907-40ea-821f-7be68b28e3a6,CACAO EN GRANO,S,2.02,True,,
93,ce1b0e61-1573-4075-9ba8-ae6c25c74719,POLLOS VIVOS,C,8.32,True,,
94,a0f319bb-af66-4f48-bf63-9217a10bf511,PAVOS VIVOS,C,11.69,True,,
95,8806e1de-28e0-4543-97aa-0b214518caa6,OCAS VIVAS,C,4.52,True,,
96,a441705d-8de7-4029-9674-d7977174cbc2,PATOS Y FAISANES VIVOS,C,14.58,False,,
97,822122c3-b46a-46ba-8648-8f80b6a8f0a6,HUEVOS FRESCOS CON CÃSCARA,C,13.29,False,,
98,270d371f-209e-4d23-b0d0-68a57f408ceb,HUEVOS DE GALLINA FRESCOS CON CÃSCARA,C,13.55,False,,
99,f831bb59-6739-4e40-be8e-27c0782f0235,MIEL NATURAL,C,4.55,False,,
100,4bb614ee-842d-4480-8796-f3b2c4cda95f,LECHE SIN TRATAR N.C.O.P.,C,6.83,False,,
101,abb42d41-3fbf-4a03-8cab-bcc548f48e4c,"CARACOLES FRESCOS, REFRIGERADOS, CONGELADOS, SECOS, SALADOS O EN SALMUERA (EXCEPTO CARACOLES MARINOS)",C,7.27,False,,
102,6fcf6a77-51d8-4974-8616-2d6603b8715d,PRODUCTOS COMESTIBLES PROCEDENTES DE ANIMALES DE GRANJA N.C.O.P.,C,16.25,False,,
103,6c31bedf-b9ff-4383-b205-2ef9a896ce3c,PESCADO FRESCO O REFRIGERADO,P,12.49,False,,
104,a50b258b-c1a7-44a0-99a6-d2a8302701b3,CRUSTÃCEOS NO CONGELADOS,P,21.99,True,,
105,89b9a906-b5fa-4d8f-aa11-e8f1ab09e74c,"MOLUSCOS Y OTROS INVERTEBRADOS ACUÃTICOS VIVOS, FRESCOS O REFRIGERADOS",P,5.97,False,,
106,28163e0b-84d0-402b-a14d-2a664b303444,"OSTRAS VIVAS, FRESCAS O REFRIGERADAS, EXCEPTO DE CRÃA",P,13.53,False,,
107,42087ed0-6b93-40b0-9de2-faa7f2686e5a,"OTROS MOLUSCOS E INVERTEBRADOS ACUÃTICOS VIVOS, FRESCOS O REFRIGERADOS, EXCEPTO DE CRÃA",P,18.97,True,,
108,4a517513-3c92-44fa-bd01-35a884184190,CARNE ELABORADA Y EN CONSERVA,C,9.06,True,,
109,d8099eae-4204-4548-b001-f35992150ef5,"CARNE DE BOVINOS, PORCINOS, OVINOS, CAPRINOS, CABALLOS Y OTROS EQUINOS, FRESCA O REFRIGERADA",C,16.93,True,,
110,e7e87cef-8fb9-4641-b2da-0977458e8c07,"CARNE DE BOVINO, FRESCA O REFRIGERADA",C,6.54,False,,
111,8434ee7d-9aa7-4e03-9a96-d8a197bd0c0a,"CARNE DE PORCINO, FRESCA O REFRIGERADA",C,3.93,False,,
112,eec8ddd2-7a79-464d-a6a1-e66336ddf8c9,"CARNE DE OVINO, FRESCA O REFRIGERADA",C,7.78,True,,
113,58d0bed0-5954-4b20-8010-cb098fbb64d4,"CARNE DE CAPRINO, FRESCA O REFRIGERADA",C,13.82,True,,
114,5c8d6d7a-1001-40e2-8658-b62b407b31f5,"CARNE DE CABALLO U OTROS EQUINOS, FRESCA O REFRIGERADA",C,4.55,False,,
115,b17e5ebe-9668-498c-a671-3b41936e4975,"CARNE DE BOVINO, CONGELADA",C,12.24,True,,
116,9e7227a4-fd12-40ce-8ee5-af6d0c316f31,"CARNE DE PORCINO, CONGELADA",C,4.15,True,,
117,14b8cef1-d73c-4545-8f8e-e6ea75b25152,"CARNE DE OVINO, CONGELADA",C,14.9,True,,
118,f3a95314-02c3-4441-8744-70f68606bd97,"CARNE DE CAPRINO, CONGELADA",C,14.84,False,,
119,950ccfe6-6bb2-4436-b379-81605c826ad4,"CARNE DE CABALLO Y OTROS ÃQUIDOS, CONGELADA",C,10.31,True,,
120,c4c71ec1-c150-4db8-bd3f-0a69808d68d5,CARNE DE AVES DE CORRAL ELABORADA Y EN CONSERVA,C,7.79,True,,
121,73b8fdd7-5b3d-4d4a-ac9c-643f8c106cdc,CARNE DE AVES DE CORRAL FRESCA O REFRIGERADA,C,5.19,True,,
122,a55765a0-238e-4f07-a6a4-a4e697323b06,CARNE DE AVES DE CORRAL CONGELADA,C,3.04,True,,
123,0f97aa7a-e46f-46de-9066-1bc08b9f99b2,"CONSERVAS Y PREPARADOS DE CARNE, DESPOJOS DE CARNE O SANGRE",C,9.55,True,,
124,e55d04e4-b3cd-4cdc-9d92-6e48ef4c50bb,"CARNE DE PORCINO CORTADA, SALADA, SECA O AHUMADA (TOCINO Y JAMÃN)",C,8.58,False,,
125,84ada322-195b-45e3-bf75-9915bd614375,"CARNE DE BOVINO SALADA, SECA O AHUMADA",C,6.27,False,,
126,45e664a3-9580-4e5a-b24f-3e26b5759784,"EMBUTIDOS Y PRODUCTOS SIMILARES DE CARNE, DE DESPOJOS O DE SANGRE",C,13.63,True,,
127,d12a6038-73e8-4918-9138-c86af6d9add1,"PESCADO FRESCO, REFRIGERADO O CONGELADO",P,6.74,True,,
128,f604482c-f09a-44e0-9317-e9473a7aaf31,FILETES Y DEMÃS CARNE DE PESCADO (INCLUSO PICADA) FRESCOS O REFRIGERADOS,P,22.5,False,,
129,34e3dc45-f410-4dac-b72e-0f4dc72cafd6,"HÃGADOS DE PESCADO, HUEVAS Y LECHAS FRESCOS O REFRIGERADOS",P,16.6,True,,
130,1b07c13c-d867-4e9c-89a7-ae93ecc19ee4,PESCADO CONGELADO,P,14.08,False,,
131,ba710189-c519-4fb1-8086-647317bb419f,FILETES DE PESCADO CONGELADO,P,7.54,False,,
132,5d36e452-28d8-4945-8992-3868c337c8dc,CARNE DE PESCADO (INCLUSO PICADA) CONGELADA,P,24.6,False,,
133,468906d0-c7a7-414d-8795-2a596d5359f9,"HÃGADOS DE PESCADO, HUEVAS Y LECHAS CONGELADOS",P,24.84,False,,
134,1ac9e395-dd2d-4f30-91d6-74d2a56424c8,PESCADO PREPARADO O CONSERVADO DE OTRA MANERA,P,23.69,True,,
135,4ac21dfb-2256-4d68-b751-8c52187b647e,"FILETES DE PESCADO, SECOS, SALADOS O EN SALMUERA, SIN AHUMAR",P,16.29,True,,
136,3f6ca3d6-2619-4aae-8089-5564f1cf0d5b,"PESCADO SECO, INCLUSO SALADO O EN SALMUERA",P,11.81,True,,
137,b452a827-f8ff-4637-b6a1-3479dc9d380b,"PESCADO AHUMADO, INCLUSO EN FILETES",P,7.51,False,,
138,aef09bf2-3e89-498b-9827-7b8683b6852d,"PESCADO ELABORADO O EN CONSERVA DE OTRO MODO, EXCEPTO EN PLATOS PREPARADOS",P,13.11,False,,
139,c25687af-56d9-450b-aca2-e784a3b3fee9,CAVIAR Y SUS SUCEDÃNEOS,P,18.65,True,,
140,bb94741a-9ee6-462e-b7a4-d728c3fd186f,"CRUSTÃCEOS, MOLUSCOS Y OTROS INVERTEBRADOS ACUÃTICOS, CONGELADOS, ELABORADOS O EN CONSERVA",P,17.91,True,,
141,faf3e811-78a1-4ad8-b917-9d3a6b728f6e,CRUSTÃCEOS CONGELADOS,P,18.5,True,,
142,e12ff669-9e61-48d9-8ef3-51aba747e69c,"MOLUSCOS CONGELADOS, SECOS, SALADOS, EN SALMUERA O AHUMADOS",P,10.22,True,,
143,e81c55a4-5e22-4e22-82d4-53d9c2301ebc,"OTROS INVERTEBRADOS ACUÃTICOS CONGELADOS, SECOS, SALADOS, EN SALMUERA O AHUMADOS",P,16.41,True,,
144,a1560b18-46e8-4cf3-ae57-5b46b40f555a,CRUSTÃCEOS ELABORADOS O EN CONSERVA DE OTRO MODO,P,21.0,False,,
145,b1b328be-5e6f-49cc-b616-8d4cb3398b41,"HARINA, POLVO Y AGLOMERADOS (PELLETS) NO COMESTIBLES Y OTROS PRODUCTOS N.C.O.P. DE PESCADOS, CRUSTÃCEOS, MOLUSCOS U OTROS INVERTEBRADOS ACUÃTICOS",P,16.04,True,,
146,0efe3760-876e-4aea-ad79-d06ab2fab05c,"HARINAS, GRÃNULOS Y AGLOMERADOS (PELLETS) NO COMESTIBLES DE PESCADOS, CRUSTÃCEOS, MOLUSCOS U OTROS INVERTEBRADOS ACUÃTICOS",P,23.3,True,,
147,7d1ecf13-6f6e-475d-8a57-d6c42a5805d6,"OTROS PRODUCTOS NO COMESTIBLES DE PESCADO, CRUSTÃCEOS, MOLUSCOS U OTROS INVERTEBRADOS ACUÃTICOS",P,10.08,False,,
148,e45daccf-730f-4cba-872c-bc780bfb9e4f,"OPERACIONES DE SUBCONTRATACIÃN QUE FORMAN PARTE DE LA PREPARACIÃN DE PESCADOS, CRUSTÃCEOS Y MOLUSCOS ELABORADOS Y EN CONSERVA",P,17.04,False,,
149,f5082bdc-2cc1-4647-8579-5d1fa94fe871,PATATAS PREPARADAS Y EN CONSERVA,F,1.72,True,,
150,4a857f62-17dc-4a39-a757-d80126e9c36f,PATATAS CONGELADAS,F,2.42,True,,
151,bc3691cf-59e2-4b76-a872-a3313e4707f2,"PATATAS DESECADAS, INCLUSO EN TROZOS O RODAJAS, PERO SIN OTRA PREPARACIÃN",F,1.65,False,,
152,f90ab6a5-5037-4828-b48c-d21318cbe3f8,"HARINA, SÃMOLA, PASTA Y COPOS DE PATATA",F,1.42,False,,
153,8a014565-b5f7-4e3a-ad61-c0c9df3534f9,PATATAS ELABORADAS O EN CONSERVA,F,2.22,True,,
154,cc5da65e-fbe4-406b-9b8c-ab3ba0e66b03,COCCIÃN Y OTROS SERVICIOS DE ELABORACIÃN DE PATATAS Y PRODUCTOS DE PATATA,F,2.07,False,,
155,cedb3d48-dfb3-414d-b104-351759e288a9,OPERACIONES DE SUBCONTRATACIÃN QUE FORMAN PARTE DE LA PREPARACIÃN DE PATATAS ELABORADAS Y EN CONSERVA,F,1.66,True,,
156,8ded8588-3982-417f-9f37-a410b78143e4,ZUMOS DE FRUTAS Y HORTALIZAS,F,2.68,False,,
157,12368130-f98f-402a-b301-3ec7d2048c70,ZUMO DE TOMATE,F,1.79,False,,
158,65c29643-39be-49ca-9a41-a49e074358d0,ZUMO DE NARANJA,F,1.76,False,,
159,0d586f5b-7cc5-4789-87e5-fdb15a1410fc,ZUMO DE TORONJA O POMELO,F,2.34,True,,
160,76d5c71c-24b1-4406-b3b3-9aedde21b87d,ZUMO DE PIÃA (ANANÃS),F,2.27,False,,
161,c90b2d8e-4368-44e9-9c93-9ab751393256,ZUMO DE UVA,F,2.33,True,,
162,280aa6ae-b90d-49d6-b204-0439887e53af,ZUMO DE MANZANA,F,1.41,False,,
163,b1640714-0d50-490b-9e58-185d0c41bb99,MEZCLAS DE ZUMOS DE FRUTAS Y HORTALIZAS,F,2.06,False,,
164,3c6d2ef6-f95e-4220-bc09-b72b6554643e,OTROS ZUMOS DE FRUTAS Y HORTALIZAS,F,2.21,False,,
165,10293e32-9e98-417d-b420-a9b02414deca,OPERACIONES DE SUBCONTRATACIÃN QUE FORMAN PARTE DE LA PREPARACIÃN DE ZUMOS DE FRUTAS Y HORTALIZAS,F,1.55,True,,
166,3ffc65ce-9d1d-4078-a577-41a75d16e0f3,LEGUMBRES Y HORTALIZAS CONGELADAS,F,1.39,False,,
167,fbfdaac0-814b-4fe5-80aa-35ec52cef2c8,LEGUMBRES Y HORTALIZAS CONSERVADAS PROVISIONALMENTE,F,2.07,True,,
168,638cf4da-3304-4a99-bbdc-2c0aad68ba47,"FRUTAS, LEGUMBRES Y HORTALIZAS CORTADAS Y EMPAQUETADAS",F,2.13,True,,
169,00831f9a-04e4-4740-aa7a-5746a6601602,"JUDÃAS CONSERVADAS SIN UTILIZAR NI VINAGRE NI ÃCIDO ACÃTICO, EXCEPTO PLATOS PREPARADOS DE LEGUMBRES",F,1.84,False,,
170,9333ddfb-8a64-414b-bdae-3e636a042577,"GUISANTES CONSERVADOS SIN UTILIZAR NI VINAGRE NI ÃCIDO ACÃTICO, EXCEPTO PLATOS PREPARADOS DE LEGUMBRES",F,2.74,False,,
171,5dd71cac-fa29-4d48-ad25-eb80895b6636,"OTRAS LEGUMBRES Y HORTALIZAS (EXCEPTO PATATAS) CONSERVADAS SIN UTILIZAR NI VINAGRE NI ÃCIDO ACÃTICO, EXCEPTO PLATOS PREPARADOS DE LEGUMBRES",F,2.38,True,,
172,9f7a0dca-778c-48e7-9173-9ba394d74d81,"LEGUMBRES Y HORTALIZAS (EXCEPTO PATATAS), FRUTOS Y DEMÃS PARTES COMESTIBLES DE LAS PLANTAS, PREPARADOS O CONSERVADOS EN VINAGRE O ÃCIDO ACÃTICO",F,2.99,True,,
173,5fec93b6-0560-4585-b874-0bafca3efa1f,"FRUTAS Y FRUTOS SECOS CONGELADOS, CRUDOS O COCIDOS",S,4.46,False,,
174,c4b6b87e-cea2-4433-840b-a93ce22a946d,"MERMELADAS, JALEAS DE FRUTAS, PURÃS Y PASTAS DE FRUTAS O FRUTOS SECOS",S,4.73,True,,
175,58811a88-15c5-4431-a4c0-c69ccdb054cf,"FRUTOS SECOS TOSTADOS, SALADOS O PREPARADOS DE OTRA MANERA",S,1.77,True,,
176,d1c13911-df29-4622-b87b-365a39457f6e,"FRUTAS Y FRUTOS SECOS CONSERVADOS PROVISIONALMENTE, PERO NO PARA SU CONSUMO INMEDIATO",S,4.39,True,,
177,01ba92ee-d99a-4ba6-bcf8-83de35e01158,ACEITES Y GRASAS,X,1.07,False,,
178,a128b87f-5b6d-4065-b38b-9ec7cda47fd1,"ACEITES Y GRASAS ANIMALES Y SUS FRACCIONES, SIN REFINAR",X,3.23,False,,
179,3b1303b3-91ab-466d-a975-82ac9c51e21f,"ESTEARINA SOLAR, ACEITE DE MANTECA DE CERDO, OLEOESTEARINA, OLEOMARGARINA Y ACEITE DE SEBO, SIN EMULSIONAR, MEZCLAR NI PREPARAR DE OTRA FORMA",X,3.62,True,,
180,ffae1915-a26e-46e3-a462-41aa142aa28d,ACEITES Y GRASAS DE PESCADO O MAMÃFEROS MARINOS Y SUS FRACCIONES,X,2.62,True,,
181,e703bf40-5bce-45f4-864b-48dfa2eb9b89,ACEITES VEGETALES SIN REFINAR,X,3.1,True,,
182,43865e7c-c9b9-4b60-83d7-2246e0282019,ACEITE DE SOJA SIN REFINAR,X,3.12,True,,
183,2f6aad18-9af4-4fdb-955d-2e1af650d3d4,ACEITE DE CACAHUETE SIN REFINAR,X,2.61,True,,
184,cb794b47-780d-47e7-b08b-f615337813cc,ACEITE DE OLIVA VIRGEN,X,2.41,True,,
185,778a2b39-d743-4fd8-877e-4989d58b9c5b,ACEITE DE GIRASOL SIN REFINAR,X,2.68,True,,
186,45cc4cc9-df35-4772-bd14-ad6e007796e7,ACEITE DE ALGODÃN SIN REFINAR,X,3.76,False,,
187,97f8ded3-9a9b-4ed0-9abe-0d3fef1af708,"ACEITE DE NABO, COLZA O MOSTAZA, SIN REFINAR",X,0.88,False,,
188,991e5781-47c1-41db-90e2-e69c0983bf8a,ACEITE DE PALMA SIN REFINAR,X,2.94,False,,
189,3b518d4f-5706-405a-9eee-f1d49211ec1b,ACEITE DE COCO SIN REFINAR,X,1.01,True,,
190,83bd455c-4f39-434d-b0c0-57dd91f18e3f,HARINAS DE SEMILLAS O FRUTAS OLEAGINOSAS (EXCEPTO LAS DE MOSTAZA),X,3.05,False,,
191,6bcdbb16-76a4-4b08-9222-0a70c4a9460d,"ACEITES REFINADOS, EXCEPTO RESIDUOS",X,1.44,True,,
192,33264a55-2645-43a8-bf07-413739254174,"ACEITES DE SEMILLA DE SOJA Y SUS FRACCIONES, REFINADAS PERO SIN MODIFICAR QUÃMICAMENTE",X,3.96,True,,
193,daf74c79-f32c-4eff-bc91-42f4a1df2d8e,"ACEITE DE CACAHUETE Y SUS FRACCIONES, REFINADO PERO SIN MODIFICAR QUÃMICAMENTE",X,2.82,True,,
194,89934f21-f70f-42ba-8655-bc58183c2e0a,"ACEITE DE OLIVA Y SUS FRACCIONES, REFINADO PERO SIN MODIFICAR QUÃMICAMENTE",X,1.05,False,,
195,4ea7dbae-5b92-47f4-84fe-4f21e4398d42,"ACEITE DE GIRASOL Y SUS FRACCIONES, REFINADO PERO SIN MODIFICAR QUÃMICAMENTE",X,1.61,True,,
196,10823c3d-3dc9-404e-853d-caad9d4b00f9,"ACEITE DE ALGODÃN Y SUS FRACCIONES, REFINADO PERO SIN MODIFICAR QUÃMICAMENTE",X,1.92,True,,
197,2e44354f-c918-4d3d-a018-cf9b5b4d09b2,"ACEITE DE NABO, COLZA Y MOSTAZA Y SUS FRACCIONES, REFINADO PERO SIN MODIFICAR QUÃMICAMENTE",X,1.41,False,,
198,360c9102-a7ce-4e1f-9ef1-9c3e06d61442,"ACEITE DE PALMA Y SUS FRACCIONES, REFINADO PERO SIN MODIFICAR QUÃMICAMENTE",X,3.61,False,,
199,d862339f-ab81-4b32-905d-8a1fdee9228a,"ACEITE DE COCO Y SUS FRACCIONES, REFINADO PERO SIN MODIFICAR QUÃMICAMENTE",X,1.37,True,,
200,f45ece96-5536-47aa-b303-fe319d9f97d1,MARGARINA Y GRASAS COMESTIBLES ANÃLOGAS,X,2.28,False,,
201,596ab879-5666-4381-a2f8-3ff3f5394848,PRODUCTOS DE LA LECHE Y EL QUESO,X,2.0,False,,
202,27e13bcf-5c90-4b51-97be-3bf973d8b475,"LECHE Y NATA ELABORADAS, EN ESTADO LÃQUIDO",X,1.69,False,,
203,8a0dbe01-c29e-4e08-888b-8b9298a1322a,LECHE ELABORADA EN ESTADO LÃQUIDO,X,1.87,True,,
204,cd8c87e7-7e1d-4aa1-a5f2-05c8491fd2c4,"LECHE Y NATA CON UN CONTENIDO DE MATERIA GRASA SUPERIOR AL 6 %, SIN CONCENTRAR NI EDULCORAR",X,1.95,True,,
205,e45e6d3f-c454-469d-97d6-732c7a76d24d,LECHE EN ESTADO SÃLIDO,X,2.59,True,,
206,f08b045b-0461-40d2-9e6a-1e74945c27f9,LECHE DESNATADA EN POLVO,X,2.6,True,,
207,23d6aa9e-eb33-4848-bf39-ceebe2892cc4,LECHE ENTERA EN POLVO,X,2.28,False,,
208,d7b0b334-e5c8-4074-be8c-7e2088efe0ba,MANTEQUILLA Y PRODUCTOS LÃCTEOS PARA UNTAR,X,2.81,True,,
209,5bb6ae7c-d03e-4fca-a527-8f7fa8e39678,QUESO Y CUAJADA,X,0.96,True,,
210,d97a2ace-cd51-4b13-aefb-c68d9def9343,OTROS PRODUCTOS LÃCTEOS,X,3.09,True,,
211,0dfb362d-957a-467a-a7e4-9130bac96c0d,"LECHE Y NATA CONCENTRADAS O CON ADICIÃN DE AZÃCAR U OTRAS SUSTANCIAS EDULCORANTES, EN ESTADO DISTINTO DEL SÃLIDO",X,1.72,True,,
212,766b1a1e-605e-4cfc-837c-62b492fdfe81,YOGUR Y OTROS TIPOS DE LECHE O CREMA FERMENTADAS O ACIDIFICADAS,X,1.39,False,,
213,9bba20fc-4f4b-452c-ae08-ceebcf44be18,CASEÃNA,X,3.89,False,,
214,36341772-b66f-4af6-b6e9-aae163d33231,LACTOSA Y JARABE DE LACTOSA,X,1.19,False,,
215,7a02f294-06b1-4953-bced-ffaf80ebee8b,SUERO DE LECHE,X,0.9,False,,
216,86a888de-2122-4c26-a376-657301f94558,PRODUCTOS LÃCTEOS N.C.O.P.,X,0.82,True,,
217,659fa8be-b52d-443f-82a1-6e6505e3a8e2,OPERACIONES DE SUBCONTRATACIÃN QUE FORMAN PARTE DE LA PREPARACIÃN DE PRODUCTOS DE LA LECHE Y EL QUESO,X,0.8,True,,
218,41695426-7028-43bf-ae71-8b048bb6f4c1,HELADOS,X,1.74,True,,
219,b8b90402-c5c0-4e00-b0fa-18ecda456236,PRODUCTOS DE MOLINERÃA,X,2.66,True,,
220,d35e560b-35b8-4778-b758-a4c9eeeb9a09,"ARROZ SEMIMOLIDO, MOLIDO, DESCASCARILLADO O PARTIDO",X,2.29,True,,
221,9cbae0e5-35a7-4cec-93db-dc2043ef6649,"ARROZ SEMIMOLIDO, MOLIDO O PARTIDO",X,1.92,True,,
222,f0aca637-c650-40e1-a948-cee41f394055,HARINA DE CEREALES O LEGUMBRES,X,3.42,True,,
223,69b9e05a-d333-445f-93ad-b33d788e817f,HARINA DE TRIGO Y DE MORCAJO O TRANQUILLÃN,X,2.96,True,,
224,56cb7f67-b0e8-40d7-a628-1cfb0c474c46,"SEMOLINA, SÃMOLA Y GRÃNULOS DE OTROS PRODUCTOS DE GRANOS DE CEREALES",X,3.2,False,,
225,0690a701-31bd-4f06-99c3-61c8b1ead093,CEREALES PARA EL DESAYUNO Y OTROS PRODUCTOS DE GRANO,X,2.73,False,,
226,3c3f135f-0da3-4611-b2da-73762c60846d,ALMIDÃN Y PRODUCTOS AMILÃCEOS,X,2.48,False,,
227,0e137597-d15a-48e2-b058-ce58b36c1e22,FÃCULAS,X,1.1,True,,
228,1ba0343e-9c59-4286-96d0-cc333cfdbe33,"TAPIOCA Y SUCEDÃNEOS PREPARADOS CON FÃCULA EN COPOS, GRANOS Y FORMAS SIMILARES",X,0.89,True,,
229,ab9e0f60-767e-4933-9357-21070714bab2,GLUCOSA Y JARABE DE GLUCOSA,X,2.88,False,,
230,2f5c26fe-b47c-4930-ae59-9f07cb9c1f5f,ACEITE DE MAÃZ,X,2.14,False,,
231,6bfcd84d-5ccb-459f-afc9-a99398ba8800,RESIDUOS DE LA INDUSTRIA DEL ALMIDÃN Y RESIDUOS SIMILARES,X,1.28,True,,
232,94c5925a-9307-44b7-b315-2f2203359aef,OPERACIONES DE SUBCONTRATACIÃN QUE FORMAN PARTE DE LA FABRICACIÃN DEL ALMIDÃN Y SUS PRODUCTOS,X,1.53,True,,
233,d27ec721-d0cd-42f2-a304-a63ba6bbdf95,"PAN, Y PRODUCTOS FRESCOS DE PANADERÃA Y PASTELERÃA",R,2.46,True,,
234,890f5744-b55a-41e5-b091-39e54c072fe0,PAN FRESCO,R,2.68,False,,
235,6ff97ba9-43a8-4f29-a698-48a645202bf7,PRODUCTOS FRESCOS DE PANADERÃA Y PASTELERÃA,R,4.82,False,,
236,8a146f5d-74e7-4e48-abd0-e83e07354e0b,BIZCOCHOS Y GALLETAS,R,2.37,True,,
237,09841a6c-859b-4fae-8c4d-266d577f1ef5,"PAN CRUJIENTE ""KNÃCKEBROT"", BIZCOCHOS, PAN TOSTADO Y PRODUCTOS TOSTADOS SIMILARES",R,2.4,True,,
238,87c6d1b9-3aa8-4c98-afcd-8cd24372d318,PAN DE JENGIBRE Y PRODUCTOS SIMILARES,R,4.65,False,,
239,4c60b0fd-47f0-4d24-ba90-cb85acdddc30,"MACARRONES, TALLARINES, CUSCÃS Y PASTAS ALIMENTICIAS SIMILARES",R,4.36,False,,
240,6de67e93-48ff-424d-b97f-99a3c5220726,CUSCÃS,R,2.07,True,,
241,b44ef484-7db8-4253-8667-3265433cfc32,AZÃCAR DE CAÃA O DE REMOLACHA EN ESTADO SÃLIDO,X,1.62,False,,
242,ebbdfe8d-fb58-4bc7-8758-182618c5d1d9,"AZÃCAR REFINADA DE CAÃA O DE REMOLACHA Y SACAROSA QUÃMICAMENTE PURA, EN ESTADO SÃLIDO, SIN ADICIÃN DE AROMATIZANTES O COLORANTES",X,1.07,False,,
243,6d1e85ca-6ad6-4c51-a4aa-23be99665abe,"AZÃCAR REFINADA DE CAÃA O DE REMOLACHA, CON AROMATIZANTES O COLORANTES",X,2.83,True,,
244,07dd75bb-d501-488b-ba31-565837649038,MELAZA,X,1.58,False,,
245,9e5668ed-b4c0-44da-a78e-59fa51d65ead,OPERACIONES DE SUBCONTRATACIÃN QUE FORMAN PARTE DE LA FABRICACIÃN DEL AZÃCAR,X,1.31,False,,
246,67176775-e93d-4b07-a877-35055702ce6f,"MANTECA, GRASA Y ACEITE DE CACAO",X,3.92,True,,
247,3180a366-206a-4eb0-8531-5b6348ed8204,CACAO EN POLVO SIN AZÃCAR NI OTROS EDULCORANTES,X,2.21,False,,
248,145a2020-2853-4c57-934b-bfdb808e4648,CACAO EN POLVO AZUCARADO O EDULCORADO DE OTRO MODO,X,2.44,False,,
249,be04e76f-da07-42b6-8e34-a884a531d799,CHOCOLATE Y ARTÃCULOS DE CONFITERÃA PREPARADOS CON AZÃCAR,X,2.23,False,,
250,7dc2f4e0-12bb-42a8-886c-ba4ef695eecd,"ARTÃCULOS DE CONFITERÃA SIN CACAO (INCLUIDO EL LLAMADO ""CHOCOLATE BLANCO"")",X,2.31,False,,
251,7623093b-19c3-4a23-b79d-9fb191a5a5b3,"FRUTAS, FRUTOS SECOS, CÃSCARAS DE FRUTA Y OTRAS PARTES DE PLANTAS, CONSERVADOS CON AZÃCAR",X,1.22,False,,
252,6d07b1de-b929-4690-9517-d3fe0e3dd787,"CÃSCARAS DE CACAO, CASCARILLAS, PELÃCULAS Y OTROS RESIDUOS DEL CACAO",X,1.8,False,,
253,6e922da9-fade-4880-861b-48ed86c72722,CAFÃ DESCAFEINADO O TOSTADO,X,1.88,False,,
254,8c1d5ea6-8b30-4877-a697-efc883cddd18,SUCEDÃNEOS DEL CAFÃ,X,1.67,True,,
255,b385bd96-e71d-4d8c-aaea-efc5ea1c1a04,"TÃ VERDE (SIN FERMENTAR), TÃ NEGRO (FERMENTADO) Y TÃ PARCIALMENTE FERMENTADO, EN ENVASES INMEDIATOS NO SUPERIORES A 3 KG",X,1.78,True,,
256,007092ea-7e48-4fdb-a412-689cf924a4f5,"EXTRACTOS, ESENCIAS, CONCENTRADOS Y PREPARADOS DE TÃ O YERBA MATE",X,2.38,True,,
257,c11a5bef-2111-44a4-9965-77a9fc04ebd1,INFUSIONES DE HIERBAS,X,2.36,True,,
258,9800c7b9-4436-4dc1-8fda-2ab1ca366249,VINAGRE,X,3.79,False,,
259,01fa672f-4ce5-4607-82fc-6fae325d18dc,VINAGRES COMESTIBLES Y SUCEDÃNEOS COMESTIBLES DEL VINAGRE OBTENIDOS CON ÃCIDO ACÃTICO,X,3.67,True,,
260,d7135ac6-8794-4596-9405-483e72a0baf1,SALSAS,X,1.79,True,,
261,7ecec553-97ea-4654-91e6-42a0367d82b6,ESPECIAS ELABORADAS,X,2.45,True,,
262,6c8aabfd-64f6-415c-9f5d-da728393242f,PIMIENTA (PIPER SPP.) ELABORADA,X,3.49,True,,
263,6b216c58-a0f2-4827-83b8-3d9191ce96b9,GUINDILLAS Y PIMIENTOS (CAPSICUM SPP.) SECOS Y ELABORADOS,X,2.94,False,,
264,6802a418-dd67-4dc5-a2b1-29278a831f14,CANELA ELABORADA,X,1.49,False,,
265,c8fa36d4-c64c-4ae6-aa66-fd404f977faf,SAL DE COCINA,X,2.16,False,,
266,47417ff4-637f-4902-9c2f-7059b240299e,"OPERACIONES DE SUBCONTRATACIÃN QUE FORMAN PARTE DE LA PREPARACIÃN DE ESPECIAS, SALSAS Y CONDIMENTOS",X,2.77,True,,
267,dbc4849f-3bbb-4327-a600-3463d4bbe133,SOPAS Y CALDOS Y SUS PREPARADOS,X,2.68,False,,
268,6882ed51-a9ed-4771-bdfb-dc3aa242effd,HUEVOS SIN CÃSCARA Y YEMAS DE HUEVO FRESCOS O EN CONSERVA,X,1.42,False,,
269,3cadb765-0330-4bb8-8f70-ae37e740d7e7,LEVADURAS (VIVAS O MUERTAS),X,2.52,False,,
270,ac1eee30-0b77-41d1-922e-12814d79a721,"EXTRACTOS Y JUGOS DE CARNE, PESCADO E INVERTEBRADOS ACUÃTICOS",X,0.89,False,,
271,c0301c0e-dad6-4165-947c-c1c1b224afae,JUGOS Y EXTRACTOS VEGETALES,X,3.86,False,,
272,38e710e1-ffa8-4f14-b9fd-edd39996d3f5,BEBIDAS ALCOHÃLICAS DESTILADAS,B,15.13,False,,
273,d224888c-2eb4-4580-ab00-94f9807c2501,VINOS,B,15.25,True,,
274,1d9ad9f3-f974-41a9-8aae-ee7a0823c497,SIDRA Y OTRAS BEBIDAS FERMENTADAS A PARTIR DE FRUTAS,B,25.64,True,,
275,6169836d-a8d9-4f9b-8425-5240d800574d,VERMÃ Y OTROS VINOS AROMATIZADOS DE UVAS FRESCAS,B,29.79,False,,
276,f31f0c43-24ad-4e3f-859b-fe7de4210231,CERVEZA,B,24.55,False,,
277,6a27e30a-c2cd-4608-9525-e09637885b7b,MALTA,B,21.05,True,,
278,edffed94-acb6-4933-bf36-dfd535cefbf9,BEBIDAS NO ALCOHÃLICAS,B,6.71,True,,
279,d9e0cc3f-4015-40b4-8858-2dd6b03dd37c,"AGUAS MINERALES NATURALES Y GASEOSAS, SIN EDULCORANTES NI AROMATIZANTES",B,16.59,False,,
280,f22b8422-3f8d-4e82-9a95-95f33d914376,OTRAS BEBIDAS NO ALCOHÃLICAS,B,27.35,False,,
281,d7e53398-0701-4246-bbf0-dc1f71a325f5, VACUNO CANAL                  ,C,4.269999980926514,False,,
282,0a940abd-41f9-420d-9847-bbd02b71a53f, VACUNO DESPIECE AÃOJO         ,C,8.869999885559082,True,,
283,1304b475-0c82-4a04-b963-7705bd57e0be, VACUNO DESPIECE VACA          ,C,7.429999828338623,False,,
284,28219db1-7f39-491c-b260-33ccfef83913, VACUNO CASQUERIA              ,C,2.0999999046325684,True,,
285,503009d1-fb3b-4cd4-bff6-d03c825cfe94, OVINO CANAL                   ,C,6.980000019073486,True,,
286,3583c9c4-b051-426f-9117-feaef89d5421, OVINO DESPIECE                ,C,7.730000019073486,False,,
287,041a7add-bcf0-4244-9f2d-4fd8276907f6, OVINO CASQUERIA               ,C,1.5199999809265137,False,,
288,85030630-497c-4577-86ab-090dbc2fb741, PORCINO CANAL                 ,C,2.0299999713897705,True,,
289,8c70bda0-cc24-406f-8584-2c2d171018a9, PORCINO DESPIECE              ,C,3.2699999809265137,False,,
290,e405a835-be2f-4d27-8bbd-2dba8a87260d, PORCINO CASQUERIA             ,C,1.1399999856948853,True,,
291,ca8cdcdf-d0ae-4897-b992-766d49f31927, HUEVOS                        ,C,1.2999999523162842,False,,
292,1d910883-1151-46e2-b0b1-af2e5fbcd42c, POLLO                         ,C,1.7000000476837158,True,,
293,c3d4e815-8c22-4ec9-806c-83273d36c6f1, PAVO                          ,C,2.8499999046325684,True,,
294,561ddc58-479c-48f8-beb7-df1e92eb7205, CONEJO                        ,C,4.900000095367432,False,,
295,024f3b80-39ca-4a20-98dc-d09dee1fea84, AGUACATE HASS                 ,F,4.0,False,,
296,37b935ae-12c1-44b1-8c4f-79d3e7545794, ALBARICOQUE COMUN             ,F,3.0,False,,
297,fbafaa08-cfbd-4f9c-869b-824a502ca934, CAQUIS                        ,F,1.2999999523162842,False,,
298,d8af2625-c231-49b5-b95d-fcc03e70014a, CAQUI SHARON                  ,F,1.7300000190734863,True,,
299,faf8d904-e17c-45fc-b349-f973fa9199df, CASTAÃA NACIONAL              ,F,3.0,True,,
300,20f07240-2de2-4792-a9bd-ed512352701b, CEREZAS O.V.                  ,F,8.300000190734863,True,,
301,d0df1b2a-5448-4db8-8482-7bd3985556e6, CIRUELAS MORADAS              ,F,3.0,False,,
302,b0227c12-6bd0-424b-8bc2-eb359017cdab, COCOS                         ,F,0.699999988079071,False,,
303,193172d5-eecf-45b0-80e5-76e419a8b422, CHIRIMOYAS                    ,F,3.289999961853028,True,,
304,f90ad3b2-c0d6-4eef-a685-26011170d38e, DATIL MEDJOUL                 ,F,8.399999618530273,True,,
305,b59324b2-870e-458a-b89f-9728072ff4d0, FRESON                        ,F,3.490000009536743,False,,
306,e4bbf042-2568-4f17-9395-c65206e58abf, GRANADAS                      ,F,1.4800000190734863,True,,
307,276c6a42-e788-4c12-b8f2-ac88b5be1b0e, LIMON PRIMAFIORI              ,F,0.8600000143051147,True,,
308,3deda9dc-025b-408a-a36e-01e78f7487e7, MANDARINAS CLEMENULES         ,F,0.6399999856948853,True,,
309,f5515951-8728-4b7c-bda8-467d4da41d0c, MANDARINAS CLEMENVILLES       ,F,1.0399999618530271,False,,
310,e0a0e5f5-8f38-474a-aeac-a444aaa44b57, MANDARINAS HERNANDINA         ,F,0.959999978542328,True,,
311,11426fdc-6e3c-41c8-9c7e-7ad5b1968891, MANDARINA NADORCOTT           ,F,1.159999966621399,False,,
312,049dc3a9-978e-4212-acf7-598d59f80640, MANDARINA ORRI                ,F,2.0899999141693115,False,,
313,c0312a6b-6201-4594-a5c7-99a6fb5e8985, MANZANAS GOLDEN               ,F,1.3200000524520874,True,,
314,3dad514b-95a5-470c-af22-dcaca790232e, MANZANAS STARKING             ,F,1.2699999809265137,True,,
315,1065d145-95ad-47ea-b633-f8e016772f7f, MANZANAS REINETA              ,F,1.4500000476837158,False,,
316,462a31a8-1ffc-4631-8f33-edeee9d76674, MANZANAS VERDE DONCELLA       ,F,1.7300000190734863,True,,
317,9561a3e3-b978-4c05-ad46-4d819df91f05, MANZANA GRANNY SMITH          ,F,1.2400000095367432,False,,
318,2cd77ac1-b513-40dd-8981-b8f45f880ee2, MANZANA ROYAL GALA            ,F,1.2999999523162842,True,,
319,8a73ae30-4633-4f75-b499-20c658994532, MANZANA FUJI                  ,F,1.5399999618530271,False,,
320,ada8358f-d593-45c8-9f9d-6d0faa43399b, MANZANA PINK LADY             ,F,1.950000047683716,False,,
321,516c9dd0-81e6-4aee-9b94-1abeb94a53c4, MELOCOTON ROJO                ,F,3.130000114440918,True,,
322,38bbeab9-01ab-46ba-ac42-445a4eec4779, MELONES PIEL DE SAPO          ,F,1.2300000190734863,True,,
323,0e7cf5bd-9e1f-41be-af80-4b3a87600d91, MELONES CANTALOUP             ,F,1.2599999904632568,False,,
324,48ad3003-66f1-4d86-ab3c-243e240fea65, MELONES GALIA                 ,F,1.440000057220459,True,,
325,6d1c7cf3-1f22-4e60-a749-0f78eaa9df82, NARANJAS NAVEL                ,F,0.8899999856948853,True,,
326,4ff35cde-2b01-4d11-aa69-b6bebc0543b4, NARANJA NAVELINA              ,F,0.4900000095367431,False,,
327,5021bb25-f52f-497d-b172-63bd2dc9eac8, NARANJA SALUSTIANA            ,F,0.5199999809265137,False,,
328,a002ea74-65e3-48ff-9a34-61a786e38754, NARANJA SANGUINA              ,F,1.2999999523162842,True,,
329,3b2ff9df-ecb8-4302-987d-e73cf6019ea7, NARANJA NAVEL LATE            ,F,1.2899999618530271,True,,
330,087be436-a0d0-4b80-bce2-74d59e8c406f, NARANJA LANE LATE             ,F,0.8500000238418579,False,,
331,fcfe3797-9698-450b-9649-f87de878b780, NECTARINA CARNE AMARILLA      ,F,3.630000114440918,True,,
332,76e9e476-3624-4ec6-9236-a6a95d7d19ab, NUECES                        ,F,3.0,True,,
333,1e362654-bf4b-44c9-a79b-a1bfcf5c8181, PERAS ERCOLINI                ,F,2.5,False,,
334,2b5a6072-4a82-4cfe-8485-8875866de64d, PERAS BLANQUILLAS             ,F,1.399999976158142,True,,
335,35baafbc-c6a9-4e07-8afc-db08ea0822b5, PERAS PASSA CRASSANA          ,F,0.8999999761581421,False,,
336,0480f65b-90e4-4395-b0bd-1085d9aa629f, PERA PASSA CRASSANA C.E.E     ,F,1.100000023841858,False,,
337,24f3bd3b-32dc-46a2-b4a8-a0819357f21a, PERAS DOYAN DE COMICE         ,F,1.600000023841858,False,,
338,666cd58e-0add-47ed-8937-4e0e9137a74f, PERAS CONFERENCE              ,F,1.5,False,,
339,f9c25196-44ce-4ba2-8626-bd5310e6226a, PIÃA GOLDEN SWEET             ,F,1.5,False,,
340,30f6c056-fa44-48e2-8334-7eab0c37c0fc, PLATANOS EXTRA                ,F,0.8600000143051147,True,,
341,b2f021c3-160d-4e41-bcd3-e9545e88faa0, PLATANO IMPORT. O BANANA      ,F,0.6700000166893005,True,,
342,814e6f54-1653-4371-9091-89eab084b9f0, PLATANO MACHO                 ,F,0.9300000071525574,False,,
343,82bef6e6-acc9-41ed-9b9b-756806426726, POMELO AMARILLO               ,F,1.0,False,,
344,e45f2cf0-16eb-40d8-ac45-e44003ffceef, POMELO ROJO                   ,F,1.25,True,,
345,fe4cc72d-112e-4c93-a2da-76b2e7e4c06c, SANDIA SIN SEMILLA            ,F,1.2100000381469729,False,,
346,7c212f5a-d26b-4e7c-bed5-2ea2e376964b, UVA ALEDO                     ,F,2.220000028610229,False,,
347,d1fc64db-317e-4aae-a429-d2dfe0cec651, UVA VICTORIA                  ,F,2.900000095367432,True,,
348,2a6eb95d-771d-472e-997e-403790fd7ba7, UVA RED GLOBER                ,F,2.440000057220459,False,,
349,f0b269ca-fd69-4e87-bae9-b89bf4f077fc, UVA DOMINGA                   ,F,1.7799999713897705,False,,
350,580cd74f-bf3d-49e2-84b1-52e49c61d9ee, UVA SIN SEMILLA BLANCA        ,F,3.0,False,,
351,166d1356-6e28-49ce-920e-78051144fd45, UVA SIN SEMILLA NEGRA         ,F,2.990000009536743,False,,
352,6f1adbf1-b594-49d5-92b8-f4872249b2d5, ACEITUNAS                     ,F,3.4600000381469727,True,,
353,8c4c48ea-287f-4b8e-84dd-3f1ad1a381a1, PAPAYA O.V.                   ,F,2.890000104904175,False,,
354,9927918d-a4fb-4b9a-90e1-a43d7a65d0f2, MANGOS                        ,F,3.109999895095825,True,,
355,8295c2f0-0b9b-452e-954e-bec4ac572390, KIWI KIWIGOLD                 ,F,5.0,False,,
356,0d13753b-6135-4105-88c8-928536ca99e2, KIWI PULPA VERDE              ,F,3.0,False,,
357,98976466-7148-418f-9e9a-9da8d7a4c283, FRAMBUESAS                    ,F,9.050000190734863,True,,
358,0344642a-e127-4019-a24e-0688d4d1f45a, PITAHAYA AMARILLA             ,F,8.670000076293945,False,,
359,cb84fdcc-9f36-4cca-b4af-6ed3943d8e25, PITAHAYA ROJA                 ,F,9.329999923706056,True,,
360,d4c0957b-d6f4-4cfb-a1ab-e493ffeff74a, FRUTA DE LA PASION            ,F,7.5,True,,
361,54e6830c-a33b-49d8-b505-208a38552945, LIMA                          ,F,1.840000033378601,False,,
362,d67f7622-c24c-4c49-8356-03c759d076ab, PAPAYA GIGANTE                ,F,2.890000104904175,False,,
363,fda560e7-5edb-4db9-b5eb-08885687e6cf, MORAS                         ,F,13.329999923706056,False,,
364,1593bf54-607d-4633-b4e6-872fda39ad51, CACAHUETE CON SAL             ,F,2.400000095367432,True,,
365,ebe8210d-1804-42b5-8f59-9d805e418729, CACAHUETE SIN SAL             ,F,2.5,True,,
366,ece19c6f-2ca5-4cf6-8c2f-c7fe2b06231b, PANCHITO CON PIEL             ,F,2.799999952316284,True,,
367,96e7af2b-7ecc-4507-8a5b-574922507d47, PANCHITO SIN PIEL             ,F,2.799999952316284,True,,
368,657278ec-e4d9-4a2a-b0d0-047c7d257d93, PISTACHO IRANI                ,F,15.0,False,,
369,65efd4ab-cc18-4208-b64e-710cbc966d16, ALMENDRA LARGUETA TOSTADA     ,F,9.5,False,,
370,3084b71f-2bee-40b7-83b7-987d4cb2866a, RESTO DE FRUTAS               ,F,0.0099999997764825,True,,
371,e902da5b-9fe7-4e38-a28b-7fb911db3c20, ACELGAS                       ,F,1.1299999952316284,True,,
372,28606189-3213-4f40-8cad-0358888990ea, AJOS SECOS                    ,F,2.700000047683716,True,,
373,1ecc5b71-a2ee-43a1-b6e2-8db0eb62ee8f, AJO TIERNO                    ,F,5.880000114440918,True,,
374,adee3d23-98fd-4a04-87ff-60e778696cb3, ALCACHOFAS DE LEVANTE         ,F,2.430000066757202,False,,
375,d2576274-579d-4586-87fd-c72e334f6a1c, APIO VERDE                    ,F,0.6000000238418579,True,,
376,17db567e-6f45-4fba-917f-3eed31ff5f73, APIONABO                      ,F,1.0,True,,
377,0f10d252-9832-4914-a13d-c4bed5122690, BERENJENAS MORADAS            ,F,2.609999895095825,True,,
378,26e8b731-c02c-4716-8fd6-f774968a15a3, BONIATOS                      ,F,1.149999976158142,True,,
379,2d97d7fb-3e06-48c4-9119-ffe4ddc37f26, CALABACIN VERDE               ,F,2.0999999046325684,False,,
380,b868bc69-25e0-4946-949c-77440c0a0c0d, CALABAZAS VIOLIN              ,F,0.5,False,,
381,3e7e8617-4ef2-4654-842b-f58c48639975, CALABAZA O.V.                 ,F,0.6000000238418579,False,,
382,c8219984-9c3e-45d9-8155-07bef05ab64c, CARDOS                        ,F,1.5,False,,
383,422e0326-ee34-4da6-bb65-44d210e97a41, CEBOLLA GRANO DE ORO          ,F,0.3000000119209289,False,,
384,32b7069b-0e37-42ed-999b-be2d6416152e, CEBOLLA MORADA                ,F,0.5,False,,
385,783abac7-9325-4c99-a6b3-d5f571bdbd08, CEBOLLA TIERNA                ,F,1.2899999618530271,True,,
386,aadd7fdc-271a-41ec-a580-dfc8e7098c1c, CEBOLLA BLANCA DULCE          ,F,1.0499999523162842,False,,
387,0f16e492-12f4-4cbf-83ae-a5a40c2bb5f8, CEBOLLA FRANCESA/ECHALOTE     ,F,3.0,True,,
388,b73e91a7-0245-4a3e-b284-f3f6c08b8948, CEBOLLA CALÃOTS               ,F,1.940000057220459,False,,
389,1bec7c21-701e-4b36-8834-2668f44591a0, COLES-REPOLLO                 ,F,0.6800000071525574,False,,
390,2f4abfa6-08de-46d6-97be-2fa43205e3db, COL CHINA                     ,F,0.9300000071525574,False,,
391,7453663e-d064-4080-a386-4ded5f5320c9, COLES DE BRUSELAS             ,F,1.6299999952316284,True,,
392,4d6eb2e9-a54e-4c8c-8536-0b3437e11fb2, COLIFLOR                      ,F,2.0,True,,
393,54336268-edc1-42cd-87b1-2c2ca6511cc4, CHAMPIÃON                     ,F,1.7300000190734863,False,,
394,d2cea62d-f195-4aa7-9257-335a7b63ccb8, CHIRIVIAS                     ,F,1.0,True,,
395,1b46411a-15ac-433e-9bf0-ad628044cada, ENDIVIA                       ,F,1.0,False,,
396,c2c760a4-b0c5-4cca-9dea-73bdc5ae15ee, ACHICORIA                     ,F,0.4000000059604645,False,,
397,a053870f-6624-4f73-86ea-30af31846ebc, ESCAROLAS                     ,F,0.8399999737739563,True,,
398,ce410f9e-7cdf-454e-9641-baf3077cc351, ESPARRAGOS BLANCOS            ,F,9.81999969482422,True,,
399,8a9006f4-1a50-4ffd-a9b4-2bd8a7634daa, ESPARRAGO VERDE               ,F,7.78000020980835,False,,
400,47973c2f-3711-4c1e-b010-7f50d3600879, ESPINACAS                     ,F,2.8499999046325684,False,,
401,b0d30983-3257-4f94-a62a-1edeafcbe6be, GUISANTES                     ,F,4.300000190734863,False,,
402,0bf87b9f-bf68-4c87-9b5d-096310463ab7, HABAS VERDES                  ,F,2.359999895095825,True,,
403,0d648664-06e9-4c63-b62b-4b2a2af2d986, JUDIAS VERDES GARRAFAL        ,F,5.239999771118164,True,,
404,6a3c1002-081b-4c69-96d2-a2e3fdb6c7ff, JUDIA VERDE BOBY              ,F,2.4200000762939453,True,,
405,d22a7a9c-54eb-4e6f-bf6a-68403b639995, JUDIA VERDE HELDA             ,F,1.809999942779541,False,,
406,1411d2b3-44a3-4a36-807b-d9dc1935cf90, LECHUGAS ROMANAS              ,F,0.6000000238418579,True,,
407,bc03f672-120f-4def-b01c-d5b822c4c707, LECHUGAS ICEBERG              ,F,0.5,False,,
408,cb50b4d2-becb-4a95-a398-23f827296afb, LECHUGA TROCADERO             ,F,0.3300000131130218,False,,
409,55f7510c-9661-4d83-a3a6-d3f86b1235fb, LECHUGA HOJA DE ROBLE         ,F,0.2899999916553497,False,,
410,598d42e7-dd8c-4f13-83c3-bb96fb46e586, LECHUGA BATAVIA               ,F,0.270000010728836,True,,
411,9d3daa55-f9df-48a9-bad8-d45d6603883e, LECHUGA LOLLO ROSSO           ,F,0.2899999916553497,True,,
412,f2fb9ccc-76f7-416e-91fd-ceb51113eb03, COL LOMBARDA                  ,F,0.4799999892711639,True,,
413,abb6ee47-2533-4f22-9b03-f55342245c2f, NABOS                         ,F,0.699999988079071,True,,
414,e1efc857-a77c-4660-821a-f84098ea219a, PEPINO CORTO TIPO ESPAÃOL     ,F,1.4700000286102295,True,,
415,8bbd8579-3e84-409f-988d-7e38f878645a, PEREJIL                       ,F,0.75,False,,
416,a058f439-724a-4a98-aacd-4bd87393eedc, PIMIENTO VERDE ITALIANO       ,F,1.600000023841858,False,,
417,942b989e-6dec-401d-a867-a8a7074a98cc, PIMIENTOS ROJOS               ,F,1.0,True,,
418,8eecc1be-6c6e-4d24-b17d-e728158ef8ca, PIMIENTO DE PADRON            ,F,2.0,True,,
419,287d5a5e-265a-44b7-a419-bc87b707d398, PIMIENTOS LAMUYOS             ,F,1.2000000476837158,True,,
420,9a8b85f8-354e-4e4a-a017-adbc15ce4c92, PUERROS                       ,F,1.2000000476837158,False,,
421,1271c5fd-a863-4e69-a1f6-25c45751c29d, RABANOS                       ,F,0.5600000023841858,False,,
422,9a77ff03-2964-40a8-ac70-8b953eb1bd1f, REMOLACHA                     ,F,0.6000000238418579,False,,
423,1fc13e1c-6dd2-4520-8fd2-8429fd1b2f2a, SETAS DE CULTIVO              ,F,2.9100000858306885,True,,
424,9197a458-5e9c-4606-82aa-a82104834982, SETAS NISCALOS                ,F,12.0,False,,
425,405d4c52-953f-4d1a-bf47-ce6ff6f0965c, SETA SHII-TAKE                ,F,5.090000152587891,True,,
426,32f79f1b-1a9e-4fa4-a160-a6f28398aabe, SETA DE CARDO                 ,F,11.90999984741211,True,,
427,e383c143-3374-46dd-9e10-2fa4b599ceac, TOMATE RAF                    ,F,3.829999923706055,False,,
428,942c8fcf-4e7f-4a3c-a748-ed89c0d501fa, TOMATE PERA                   ,F,0.9399999976158142,False,,
429,1da0e5eb-0a3b-45e2-a57b-9dfa197a713a, TOMATE MAZARRON               ,F,1.0700000524520874,False,,
430,9cea6e5d-7d2a-471a-9729-341cafb7d14c, TOMATE DANIELA                ,F,0.9300000071525574,False,,
431,2950e2b8-15a0-4f6a-8987-8d5ef8257788, TOMATE EN RAMA                ,F,1.2699999809265137,False,,
432,275b9343-d4dc-4441-a926-edd4f5ad104c, TOMATE CHERRY                 ,F,2.190000057220459,False,,
433,f4384ffe-a124-48dd-a13f-274c8fe7800f, TOMATE KUMATO                 ,F,1.25,True,,
434,b981bcd6-6e0b-4884-a9a6-00e2e9718955, ZANAHORIAS O CARLOTA NANT     ,F,0.449999988079071,True,,
435,9ff611e0-09c7-4a7a-9d61-506254ff97d0, ZANAHORIA EN RAMA             ,F,1.0,True,,
436,451bc055-f834-4d37-9849-f37b87a7214b, BATATAS YEMA DE HUEVO         ,F,0.75,False,,
437,47c4781e-af34-4063-b77c-81a6ba752b7f, GRELOS                        ,F,0.6000000238418579,False,,
438,b906364d-1bca-43ce-ab3b-b22e28efa172, GUINDILLAS ROJAS              ,F,3.0,True,,
439,31ccaccc-88c4-46be-8bff-5cae7e12f2a7, GUINDILLAS VERDES             ,F,1.0,True,,
440,fc7b4013-9f04-4c27-bd02-0d125fd66866, BORRAJAS O.V.                 ,F,1.600000023841858,False,,
441,5819bd24-b91f-49d6-b3a8-cc482c0954f6, LAUREL                        ,F,0.3799999952316284,False,,
442,7924b9d2-36e4-47f3-802e-698c149ccc08, BERROS                        ,F,11.0,True,,
443,6531ee59-ce8d-47c0-8494-b043cfb1397c, BROCOLI                       ,F,1.2000000476837158,True,,
444,b1316227-9c50-4277-a70d-efb3843fcf07, YUCA                          ,F,1.0,True,,
445,5f3ede43-7be7-417e-aa14-a1af37845a27, ROMANESCU                     ,F,1.7400000095367432,False,,
446,37d522ce-b4c2-4d78-8b4c-7c0efa181e0e, MAIZ                          ,F,2.5,True,,
447,84dcf4b8-2e0f-4662-9f2f-9116a53def65, TIRABEQUES                    ,F,4.420000076293945,True,,
448,09d3728c-6a79-44cd-a229-eb2f3c91f983, JENGIBRE                      ,F,2.400000095367432,True,,
449,f80c2ffd-e170-4333-9fd8-ae2a47e23f7d, PATATA BLANCA                 ,F,0.2899999916553497,False,,
450,0f4933f9-b704-4824-ae0a-434aa383c2f3, PATATA ROJA                   ,F,0.3600000143051147,False,,
451,9d5d7741-ab50-464d-8df5-708e01ac35b6, PATATA MONA LISA GRANEL       ,F,0.2800000011920929,True,,
452,60d9dea6-4082-4778-93da-5bbea2a5d812, PATATA AGRIA GRANEL           ,F,0.2800000011920929,False,,
453,21212bd1-10b2-4faa-83d9-f11e463e8aea, PATATA MONA LISA CONFECCI     ,F,0.5899999737739563,False,,
454,0f62dd2b-08e4-40e8-8e7c-060407483c6f, ACEDIAS                       ,P,6.0,False,,
455,7db4ea00-f548-49c2-b0cc-b0eb1c0c2b9c, ATUN ROJO CIMARRON            ,P,29.0,True,,
456,902fb882-31fa-4144-b53d-28dbe852552e, ATUN CLARO O RABIL            ,P,10.0,True,,
457,05635f14-402f-41b7-af5a-8287e2d5b446, BACALAO ENTERO C/C 1/2 KG     ,P,4.940000057220459,True,,
458,980d3c7c-a69f-4474-92ae-63f69b6eca36, BACALAO FILETE                ,P,8.5,False,,
459,20febd66-a19f-4497-8c28-961823c0d130, BACALAO SALADO                ,P,11.100000381469728,False,,
460,335cbc07-7dbe-42ef-b2a0-ef68460615fe, BACALAO ENTERO S/C 4/6 KG     ,P,8.670000076293945,True,,
461,3139fd71-9b3a-46bb-a920-55c716c53090," BESUGO DE 0,7 A 1 KG          ",P,20.0,False,,
462,c825cdb7-27cc-4a14-b427-19744231b3d0," BESUGO DE 1 A 1,5 KG.         ",P,20.0,False,,
463,ac608bfb-ee99-46bf-80ca-ca7205499a5c," BESUGO PANCHO 0,5 A 0,6 K     ",P,24.0,True,,
464,c40c0180-1122-40f9-9cb6-4c04fccda326, BOGAS                         ,P,0.800000011920929,True,,
465,ed62fa1d-19c5-473b-822b-8508f34bae2a, BOQUERON NACIONAL GRANDE      ,P,5.829999923706055,True,,
466,6ba78c65-def1-47c4-b9d4-036d47d10e13, BOQUERON NCNAL.TERCIADO       ,P,3.5,False,,
467,1ffb1fac-0e93-4bdb-9e52-cfc4318b623f, BOQUERON ITALIANO GRANDE      ,P,6.0,True,,
468,5e7347ac-e1f9-4e87-958d-8582b4de2a8d, BOQUERON ITALIAN.TERCIADO     ,P,3.0,True,,
469,57761543-c618-437b-954f-3fb55b85f2ef, BOQUERON FRANCES GRANDE       ,P,3.75,True,,
470,c198f586-443d-4dd5-bb6b-d48cf7cd64ef, BONITO S/C.                   ,P,8.0,True,,
471,5446dd27-cb58-4a31-9ca1-e1fadb64c177, BONITO C/C.                   ,P,7.5,False,,
472,aea2a462-46e7-4f22-b858-d3c4e25e0a31, BRECAS                        ,P,2.5,True,,
473,4b43bfa3-ec26-4804-8255-d73e7332898b, CALAMAR                       ,P,12.0,False,,
474,146722ba-e2b1-4b6f-935e-de5402c51ec4, CAZON                         ,P,5.5,False,,
475,1082a87e-b857-414e-a85f-491da601a859, DORADA DE CAPTURA             ,P,16.0,True,,
476,10f33b43-f59a-468d-87a1-196dabbbe8bd, DORADA ACUIC. MÃS 600 GR      ,P,6.300000190734863,True,,
477,9013f8c1-ef09-4480-b07b-df0ea844d38d, DORADA ACUIC. 400-600 GR      ,P,4.409999847412109,True,,
478,20e162d5-8392-4e61-92e4-580d29dcbf9d, DORADA ACUIC. 300-400 GR      ,P,3.9600000381469727,False,,
479,2603211a-902c-40c3-8bd9-835160910a29, EMPERADOR                     ,P,16.829999923706055,False,,
480,7b950117-8c44-4f01-87ff-12f7fe480630, FANECAS                       ,P,2.25,False,,
481,f06c4174-0d41-4ba7-b990-22ffa18e01cc, GALLO GRANDE                  ,P,14.0,True,,
482,7b63decf-fb93-4f67-b020-224f07a0a677, GALLO MEDIANO                 ,P,8.210000038146973,False,,
483,16fa1e8b-8a84-489c-899a-b613abdfca94, GALLO PEQUEÃO                 ,P,5.079999923706055,False,,
484,cc09d5f2-56b8-4379-b9cf-c75b92b448fd, HUEVAS                        ,P,8.5,True,,
485,c6a8a958-b0ad-44a3-a121-466b123c9a27, JUREL GRANDE                  ,P,4.75,True,,
486,c62afda9-dc3d-4555-bfed-145ff3b1550e, JUREL MEDIANO                 ,P,3.0,True,,
487,90671cfe-a37f-43dc-9fdc-f0586c756252, JUREL PEQUEÃO                 ,P,1.5,True,,
488,3245666e-981f-43aa-911b-17ecc2fd15be, LENGUADO GRANDE               ,P,22.0,True,,
489,f0f8e22f-412b-4f43-9799-f4fd73d237b1, LENGUADO MEDIANO              ,P,18.5,False,,
490,4d881c09-ea05-417f-af35-784b3d0b406e, LENGUADO PEQUEÃO              ,P,14.5,True,,
491,5922529c-3311-4430-8c8a-b384a5a8c434, LIBA                          ,P,2.25,True,,
492,0bf86da7-8dda-4c57-821a-4839c88a2c5a, MARRAJOS                      ,P,5.5,True,,
493,eb9924e1-ae0a-4e63-81f5-0576a43db92c," MERLUZA PINCHO +2,5-5 KG.     ",P,18.0,False,,
494,e4c85d9a-c428-4434-af87-13680f6e7eb5," MERLUZA GRAN SOL +2,5-5KG     ",P,9.0,True,,
495,69e929a8-87d1-46c4-8ca1-a7699bb51771, MERLUZA PINCHO +5 KG.         ,P,34.0,True,,
496,4a1e7e76-3e50-4bbf-9c65-b6a0a4d131d8, MERLUZA GRAN SOL +5 KG.       ,P,16.5,False,,
497,ad0e8fb1-c662-4f2c-a4da-c26d23dbf09f, MERLUZA DE CHILE              ,P,15.0,False,,
498,1c51c791-8f26-4e9b-816d-f4c85f2f37de, MUJOL                         ,P,3.0,True,,
499,a44a65c8-e384-4e67-9655-8c93b5a2195d, PALOMETA-JAPUTA               ,P,4.829999923706055,True,,
500,e2e49e75-e129-493d-8bce-0308f8b9af1b, PESCADA                       ,P,4.809999942779541,True,,
501,338d4fe9-5151-47a5-b26e-8e4451005249, PESCADILLA PINCHO +1 KG.      ,P,12.0,True,,
502,8492b4f9-0cf6-4ccf-9520-06309939fc7f," PESCADILLA POPUL.0,2/0,8K     ",P,4.5,True,,
503,c6c67f54-a197-4e5c-bf61-9b50da90f7c4," PESCAD. FINA G.SOL -0,2 K     ",P,4.5,False,,
504,496b473d-ff4b-4e0a-8ce9-21bdf0388b75, PESCADILLA G.SOL DE +1 KG     ,P,5.5,True,,
505,54e335ff-08ca-4211-a783-031369d1585b," PESCADILLA NEGRA 0,2 A 1K     ",P,4.5,False,,
506,c7e89528-753d-4ae3-bece-7b21e93406b0," PESCADILLA TRIPA 0,2/0,3K     ",P,10.5,False,,
507,653f30ca-06f4-4066-86fc-72dd95e9c95f, PEZ ESPADA                    ,P,20.0,False,,
508,33ad41af-ff25-4dbc-b972-b38208ac8da7, COCOCHAS DE MERLUZA           ,P,38.0,True,,
509,04ac16a6-cc5a-4ff4-9292-76e8ed843a07, COCOCHAS DE BACALAO           ,P,9.5,False,,
510,ad3a054f-e9de-4417-9d77-09cf9fe1176b, COCOCHA DE RAPE               ,P,14.0,False,,
511,f4a44dcf-6c49-44d0-bf3f-8fc198f54792, PULPO GRANDE                  ,P,7.5,True,,
512,d2c11492-6974-4cf9-ac5c-940ccac53788, PULPO COCIDO                  ,P,24.5,False,,
513,6c5acd87-72c9-4734-9802-9474917b3d31, PULPO MEDIANO                 ,P,6.5,True,,
514,ab5ac426-e431-4baa-9a93-4e45a9701841, PULPO PEQUEÃO                 ,P,6.0,True,,
515,89077c04-0256-415b-971f-d06b4dadef32, RAPE COLAS                    ,P,16.209999084472656,False,,
516,e16bf189-80b7-4d2d-9312-4760123e72b6, RAPE C/C.                     ,P,7.920000076293945,False,,
517,ef0255ca-395b-4bde-9a75-925eab0b1af2, RAYA                          ,P,10.5,True,,
518,955c42ae-248a-451d-a358-9affb5e8517a, SABLE                         ,P,5.5,True,,
519,21a0ed58-e6a9-4561-8f3c-06fa0c32dac9, MENDOS                        ,P,3.5,False,,
520,ce76e65a-1637-43ca-9b65-e437af90904b, TINTORERA                     ,P,5.5,False,,
521,3076919d-980b-4456-a8a5-e54905859c22, BACALADILLA-LIRIO GRANDE      ,P,3.5,True,,
522,5170316c-1e9b-4392-be3d-70fce0fc138a, BACALADILLA-LIRIO MEDIANO     ,P,2.650000095367432,True,,
523,fc826bf8-d4aa-465e-aec0-acf7ec8a99dd, BACALADILLA-LIRIO PEQUEÃO     ,P,2.140000104904175,True,,
524,6851a20d-7f0e-4466-9f4a-fbe17e3e2064, JIBIA O SEPIA FRESCA GRAN     ,P,8.0,True,,
525,b286c7f5-7d0a-4e67-bc40-2a03446bec4f, ALACHA                        ,P,1.5,False,,
526,fc40f01e-59dc-474a-83f7-1d8ffbc53bbb, ALIGOTE                       ,P,4.210000038146973,False,,
527,d080c00f-d7bb-4654-b4e0-fb7434877784, ANGUILA                       ,P,16.0,False,,
528,e2a3caa1-cfae-4663-ad98-bdfbe6da25e7, ANGULA                        ,P,650.0,False,,
529,16b29ac5-bf24-440d-9347-6a59566a4d99, ARENQUE                       ,P,2.0999999046325684,False,,
530,ee94a631-6f58-4a21-837f-e8ebc29495e5, BROTOLA ENTERA                ,P,4.5,False,,
531,586be0da-13c7-49ca-ab40-aa4217641e7d, CABALLA O VERDEL GRANDE       ,P,4.329999923706055,True,,
532,1fe93251-f9e4-4ee1-a82b-a3a0a95a3aca, CACHUCHO                      ,P,6.0,True,,
533,6473ae2d-5709-48c9-9ca9-8885bef8bbb6, CONGRIO                       ,P,6.210000038146973,False,,
534,069a08e4-484f-466a-9f52-3a6c07dafbf2, CORVINA ACUICULTURA           ,P,7.0,False,,
535,0b81a570-173b-4eef-818c-915d36c38770, CORVINA SALVAJE               ,P,10.5,False,,
536,27846a76-0a45-48dd-b46e-1a3735e453e2, DENTON O SAMA                 ,P,15.0,False,,
537,edcc26bc-98eb-428c-9c76-7b55123793ae, GALLINAS O GALLINETAS         ,P,5.409999847412109,True,,
538,55f1433d-d42a-4c19-a5f2-9330daf9435f, LUBINA DE CAPTURA             ,P,15.0,True,,
539,98005bbb-f096-4fe6-92c8-5bdbfc018c1d, LUBINA ACUICULTURA GRANDE     ,P,8.600000381469727,True,,
540,4abf5d1d-f09b-415e-bc3b-916c8868d2fd, LUBINA ACUICULTU. MEDIANA     ,P,5.150000095367432,True,,
541,f38cd4eb-e448-4baa-ae51-7f3a8dae4ce5, LUBINA ACUICULT. PEQUQEÃA     ,P,4.900000095367432,True,,
542,d5de693a-dd83-4fd3-8332-cfc347e4b207, MARUCA                        ,P,3.5,True,,
543,dd8a7a08-dd97-4ae1-ae5f-18735c54526b, MELVA                         ,P,3.5,False,,
544,e9d6dfcd-1047-42ec-b081-85701749f3ba, PARGO                         ,P,19.670000076293945,True,,
545,16148b8a-eeff-498f-ba58-bc4cf4049177, RODABALLO DE CAPTURA          ,P,17.0,False,,
546,77db0ac6-5d84-44d4-a605-818be60571d7, RODABALLO ACUICULTURA         ,P,8.680000305175781,True,,
547,d1b5c29e-1dab-4700-8932-0fdb7f91cc7c, ROSADA                        ,P,9.5,False,,
548,07fdb8b2-253c-446a-97e8-f9820c6e19a0, FILETE DE SALMON              ,P,8.380000114440918,True,,
549,9db5e182-92d3-4d2c-8ef0-bf84d5bd7cec, SALMON GRANDE>7KG             ,P,5.639999866485596,False,,
550,4d522722-d936-4901-a44a-7a442ef6d443, SALMON MEDIANO 4-5 KG         ,P,4.929999828338623,True,,
551,532c9ff1-4040-4946-ae2d-a3f5e1c15783, SARDINA PARROCHA              ,P,3.25,False,,
552,7b0d2cb6-aebd-4bf9-a54e-f973d8f4f9fe, SARGO                         ,P,13.5,True,,
553,27e91bf4-24e9-4cf8-bbfd-fa7a1cd663e9, ANILLAS DE VOLADOR O POTA     ,P,3.5,True,,
554,8c3bcd6a-6564-4397-99a7-3f742d9ab4a9, MERO                          ,P,18.5,False,,
555,18205358-e95b-41bb-94ac-12c1ee153249, ABADEJO                       ,P,7.699999809265137,False,,
556,5a39ebef-066d-405c-9f72-8ac4362530fe, BAILAS                        ,P,10.5,True,,
557,7993fc42-3913-416c-9fa5-a8f5346bfcc7, BERTORELLAS                   ,P,3.650000095367432,True,,
558,4acd4327-40fe-4ec5-b2f1-bfcdabc660d6, CHERNAS                       ,P,14.5,True,,
559,5f2960da-1aba-47c8-bf15-4421d350ddcc, LENGUADINA                    ,P,5.579999923706055,False,,
560,6e085fff-f633-4385-9b31-0fcc705471df, PLATIJA                       ,P,3.299999952316284,True,,
561,c8765f22-2495-4982-b41c-d7d1da16a7c9, SOLLA                         ,P,4.510000228881836,True,,
562,42117090-8ef2-4c5b-a09c-6f7bb8bfa49e, CHIPIRONES                    ,P,7.5,False,,
563,7082e5c7-7a81-4cba-99c7-00d84f181727, SALMONETE DE ROCA             ,P,14.829999923706056,True,,
564,12109650-ed84-4439-acad-b959d6f4accf, SALMONETE DE FANGO            ,P,7.5,False,,
565,a54f698e-f9af-4241-8761-35b54565565c, TRUCHA DE +1 KG.              ,P,5.150000095367432,True,,
566,8e972817-ec07-48cf-9822-e53281a9d5bb, TRUCHA ASALMONADA             ,P,4.199999809265137,True,,
567,f1847629-51a4-419d-bbcf-1caee283db7b, TRUCHA BLANCA                 ,P,3.5999999046325684,False,,
568,cd9c7c79-304a-40b9-9abc-8d692dfb0af1, FILETE DE TRUCHA              ,P,5.349999904632568,False,,
569,b5c3c1e9-9233-40ab-a09f-f83643aa16bd, SALEMAS                       ,P,1.0,False,,
570,58437e3c-4ba8-4db1-966d-66580fec380f, PERCA O TILAPIA               ,P,6.0,False,,
571,90851cb2-f31f-4ec6-80ce-fb69707b714a, FILETE DE PERCA               ,P,6.5,True,,
572,dd2a3821-0dfb-4a75-9857-5eaf649380d0, SALMON AHUMADO                ,P,12.020000457763672,True,,
573,b4544644-afa5-4372-bb63-b1035f6ff8ab, TRUCHA AHUMADA                ,P,10.81999969482422,False,,
574,b92cea3c-813c-45b5-a134-366fa111c465, ANCHOA AHUMADA                ,P,9.020000457763672,False,,
575,590f0035-fc8c-4dce-a578-eef13e63ae27, PALOMETA AHUMADA              ,P,9.020000457763672,True,,
576,5702229e-9c6c-46bd-9797-9a5e2273d9a7, CARBONERO O FOGONERO          ,P,4.230000019073486,False,,
577,1349d9cf-ffed-45c0-9c93-5d48c510aae8, CONSERVAS DE PESCADO          ,P,16.5,False,,
578,7c8c870e-d831-476a-b753-411a2eecd4e5, TILAPIA                       ,P,5.199999809265137,True,,
579,443fb84a-bdd7-4a16-a0a3-c4e5437e7005, ALMEJAS FINAS                 ,P,32.0,True,,
580,c96f7c92-00c6-4bc0-bba0-0d27bbae6ef5, ALMEJAS BABOSAS               ,P,25.0,True,,
581,0751bfa0-70e4-4df1-be67-f038662a87ea, ALMEJAS RUBIAS                ,P,14.0,False,,
582,64fee1f9-90cc-4701-9540-3bb98f8b7afc, ALMEJA CULTIVADA              ,P,15.0,False,,
583,95665b08-beb6-4f61-b00f-e004a9c8c4b0, CANGREJO DE MAR               ,P,2.75,True,,
584,e19affdd-e2b5-4901-aacf-1b7951b1e9a9, CIGALAS GRANDES               ,P,100.0,True,,
585,ea0ac7d9-29a6-4755-939e-12a6f5c618c0, CIGALAS MEDIANAS              ,P,45.0,True,,
586,3337ada8-83cf-4aa1-beb6-732cbce03b1f, CIGALAS PEQUEÃAS              ,P,16.0,False,,
587,e18eefe6-613c-4286-bb81-d901b2c37733, CHIRLA GRANDE -ITALIA-        ,P,6.0,False,,
588,f06a3ff3-b245-41c4-8648-c7001eaff73c, CHIRLA PEQUEÃA -ITALIA-       ,P,3.25,False,,
589,3cdb1731-8449-4da8-868b-0ae6c4c4ca5f, CHIRLA NACIONAL GRANDE        ,P,6.5,True,,
590,1f0d9b86-f674-4e71-b785-aec8ec534ae0, GAMBAS GIGANTES               ,P,66.25,True,,
591,2bcce982-fc6e-4a69-9cd2-780492d2c9e4, GAMBAS PLANCHA                ,P,53.75,True,,
592,e7b1bf6b-1dac-4b3a-a050-b164b2eae7b0, GAMBAS ARROCERAS              ,P,15.5,False,,
593,16ab5dc4-fae1-44cd-ae56-3fd18b9f8b41, GAMBAS COCIDAS GRANDES        ,P,35.5,False,,
594,61bc4b14-fef0-49e8-ba9b-30fd4eba5eba, GAMBAS COCIDAS MEDIANAS       ,P,28.0,True,,
595,dee453fb-4da1-4262-bb74-b3b3d8863e75, LANGOSTINO FRESCO             ,P,25.0,False,,
596,bc448221-d2b0-4d11-a9f7-e2a8a8a50649, LANGOSTINO COCIDO GRANDE      ,P,21.0,True,,
597,a20113f7-44f9-41bf-aeb0-29625c539401, LANGOSTINO COCIDO MEDIANO     ,P,9.5,False,,
598,3f55d70a-dace-4043-9757-d65e5b654026, MEJILLON EXTRA                ,P,2.299999952316284,False,,
599,fe709771-bccc-43a1-8a9c-71fa0e0a4283, MEJILLON GRANDE               ,P,1.600000023841858,True,,
600,52e94e3d-1fc3-4d12-aaf9-91c90200993c, PERCEBE NACIONAL              ,P,61.59999847412109,True,,
601,ae03e8e5-b6ff-4fec-a697-a6a1e149f291, PERCEBE IMPORTACION           ,P,17.850000381469727,True,,
602,692621ce-1a7f-46c4-8b79-0ffd73385cca, QUISQUILLA                    ,P,50.0,False,,
603,ca91b58a-6705-43fb-a85b-a698032c286a, BERBERECHO GRANDE             ,P,19.0,False,,
604,099a1cbd-c035-4bf8-9723-eda8611bf588, BERBERECHO MEDIANO            ,P,12.600000381469728,True,,
605,138ce97b-cb81-4e06-ba83-6a4916d94db5, BERBERECHO PEQUEÃO            ,P,8.430000305175781,False,,
606,388e232c-f3ee-4dae-9222-a0cdab0fc53f, BIGAROS O CARACOLILLOS        ,P,12.5,False,,
607,850907d5-f534-45ac-8990-980d21a8afcd, BOGAVANTE GRANDE              ,P,39.84999847412109,False,,
608,7f31fcda-f1fc-4868-8592-7010a91f3421, BOGAVANTE MEDIANO             ,P,20.399999618530277,False,,
609,322e5b77-2521-4d2f-bd29-652bdc810e70, BUEY VIVO                     ,P,9.5,False,,
610,7e94d586-830f-4d7b-95e4-31c9adc2ad8a, CARABINERO GRANDE             ,P,75.0,False,,
611,26730927-7c83-48f5-b01c-27154166bb5e, CARABINERO MEDIANO            ,P,55.0,True,,
612,e3fd7222-a403-40a4-ab29-f46dee9998f1, CARABINERO PEQUEÃO            ,P,30.0,False,,
613,fcf63244-367f-496f-9195-8427f3bcb7e4, CENTOLLA DE IMPORTACION       ,P,8.279999732971191,False,,
614,163e5dfd-8c9b-490a-9485-ef7f39bd9542, CENTOLLA -GALICIA- GRANDE     ,P,32.220001220703125,False,,
615,f4e34926-655f-44aa-82bb-9dbd9c3fc891, COQUINAS                      ,P,12.800000190734863,True,,
616,60bdc98d-0e11-4d89-a6d3-6d9ea90810e9, CHOCHAS                       ,P,10.81999969482422,False,,
617,07795d25-b4bc-45ca-80d2-3919e681c835, LANGOSTAS                     ,P,65.0,True,,
618,c206e0b0-5c5a-40e7-9635-0800456d9852, NAVAJAS                       ,P,12.0,False,,
619,dd069919-fe0a-4150-86e7-a328a9447ec0, NAVAJA EUROPEA ATLANTICA      ,P,4.349999904632568,True,,
620,86b47da5-9153-4c2e-be2d-f05adcbd5b67, NECORAS DE IMPORTACION        ,P,13.5,False,,
621,2d30a368-644e-4f5e-8d70-3771371e6a27, OSTIONES                      ,P,3.5,True,,
622,36decba5-9715-44e8-a1f6-cce452e66317, OSTRA GIGANTE                 ,P,0.3000000119209289,True,,
623,834d7590-dc2f-4a83-82c5-b37780220006, OSTRA FLOR                    ,P,0.0799999982118606,False,,
624,b8a39049-38c4-463a-9bac-1b7fb07b582d, OSTRA SUPER                   ,P,0.1000000014901161,True,,
625,4eb0a6bf-f4a4-4ba1-9202-dd592ad09b75, VIEIRA GRANDE                 ,P,1.2999999523162842,False,,
626,9d5621b5-3336-4ae8-bfcb-ba1f1b9da1b2, CARACOLES GRANDES             ,P,5.599999904632568,False,,
627,39c0eafa-b5eb-4512-825d-5d8ea6be6a8d, CAÃADILLA                     ,P,4.5,True,,
628,351ad4b2-a728-4fe7-a600-4fb1bb761cbc, CONCHA FINA O.V.              ,P,7.199999809265137,True,,
629,771d2d35-00ef-4b8b-be46-a34901667830, BOQUERON CONG                 ,P,3.759999990463257,False,,
630,6fbf9b69-7f12-48ea-8176-4dcf7787bae5, MARRAJOS CONG                 ,P,4.059999942779541,True,,
631,f70bcdc4-af3a-49de-beb4-2e91ea1791ee, SARDINAS CONG                 ,P,2.5,True,,
632,f7cf7073-8370-44db-a4e2-a3cda7a8c63c, CALAMAR PATAGONICO CONG       ,P,3.75,True,,
633,3fc1b973-d4fd-4ea0-b0c5-518f59e70082, CALAMAR BOSTON CONG           ,P,4.5,False,,
634,b2d5e395-a853-4350-b42b-d3f029b8e4a1, CALAMAR CALIFORNIA CONG       ,P,3.25,True,,
635,bb49ad2c-0120-446f-a760-0b4b96745460, CALAMAR NACIONAL CONG         ,P,8.0,True,,
636,d85d11ee-eb89-43e5-8618-4ea40e731e2d, CALAMAR INDIO CONG            ,P,4.75,True,,
637,97a9f2ab-2594-4f15-8c18-0004b2eb2fc5, LENGUADO ENTERO CON PIEL CONG ,P,10.5,False,,
638,fcad4042-dd56-4e4c-b9bc-f548f420d4aa, MERLUZA FILETE S/P. CONG      ,P,5.0,False,,
639,e566a16e-0d02-465d-9254-c123ab7bc672, MERLUZA FILETE C/P. CONG      ,P,4.5,False,,
640,b61093f6-a710-44df-8dc5-6bf312527f61," MERLUZA N-5 DE +2,5 KG. CONG  ",P,7.5,True,,
641,4a266a7f-5d9e-4f0e-96c6-9198cff2e076," MERLUZA N-4 HASTA 2,5 KG. CONG",P,6.25,True,,
642,1e2e5d81-69d6-4fbf-8e61-f2887c83453e, MERLUZA RODAJA CONG           ,P,5.5,False,,
643,c16dd58d-0124-45c9-b049-61c089f2fb2c," PESCADILLA N-3 HASTA 1,5K CONG",P,4.150000095367432,True,,
644,baf89667-fb70-4ba8-a408-c332471fe32d," PESCADILLA N-2 HASTA 0,8K CONG",P,3.25,True,,
645,ad7c2c0f-054a-4b2d-be72-ea6b15d5945f," PESCADILLA N-1 HASTA 0,5K CONG",P,2.3499999046325684,True,,
646,78ae4ed5-f0e1-410f-9028-b8fe2e5e22fa," PESCADILLA N-0 H. 0,250 K CONG",P,2.0999999046325684,False,,
647,7c0dc377-fa89-4873-b147-d5d8d7662aec, GAMBA GRANDE CON CABEZA CONG  ,P,42.0,False,,
648,69d09918-9ecd-4b08-b317-cc2fcb5db608, GAMBA MEDIANA CON CABEZA CONG ,P,28.0,True,,
649,b40219e2-43fa-4c31-a77f-7ea041d4b44c, GAMBA PEQUEÃA CON CABEZA CONG ,P,7.199999809265137,False,,
650,ed690233-94d9-4ebd-98af-bc64bc22a89e, GAMBA SIN CABEZA (COLAS) CONG ,P,15.5,True,,
651,0a2a565a-5a21-450b-a51c-3e3dc008def3, LANGOSTINO COCIDO CONG        ,P,15.5,True,,
652,c5692170-8777-453a-8ebc-f33307b84dd6, LANGOSTINO GRANDE CONG        ,P,10.5,True,,
653,f65e328d-c34c-4b7b-a578-f2b412f9959a, LANGOSTINO MEDIANO CONG       ,P,7.849999904632568,False,,
654,e7e49d3c-dfec-41a2-a17c-0d93366d31fe, LANGOSTINO PEQUEÃO CONG       ,P,5.25,False,,
655,e8727596-d762-43d4-b2ab-9f90e9c1cc97, LANGOSTINO S.CABEZA COLA CONG ,P,8.0,False,,
656,7701e462-6c8e-4dc8-bfd9-82eb7bd26e16, LANGOSTINO COCIDO GRANDE CONG ,P,9.5,True,,
657,7ae4faa5-2b9d-465f-b397-e5fff6f618be, LANGOSTINO COCIDO MEDIANO CONG,P,7.5,True,,
658,77940811-4643-43f9-ac2e-11eff74b167c, LANGOSTINO COCIDO PEQUEÃO CONG,P,6.0,True,,
659,db12e64b-b732-4f98-9094-5d8fd4fe2f62, LANGOSTINO TIGRE CONG         ,P,26.0,True,,
660,334e98e9-54e2-4ba6-acf7-af64b4d08332, JIBIA SUCIA CONG              ,P,3.5,False,,
661,b99d5564-b4b8-4195-af7b-29066a905cfe, JIBIA LIMPIA CONG             ,P,5.5,False,,
662,24fe72d1-3a84-4ca1-a7c5-ea7afb77302b, BACALAO TROZOS CONG           ,P,4.5,True,,
663,b2d30b54-22cd-4ca5-8b01-03edfe12970d, BONITO S/C. CONG              ,P,5.5,False,,
664,4a6955ef-c4fc-4cab-92ae-fccdd0413abe, BONITO C/C. CONG              ,P,4.5,True,,
665,a8bfeee0-5e54-438d-b018-801c62622458, CIGALAS GRANDES CONG          ,P,52.0,False,,
666,bf3334d3-b221-4af9-beed-a8fee3a45bb5, CIGALAS MEDIANAS CONG         ,P,32.5,True,,
667,4d8f1155-55c0-4576-a42a-2cee7caa43ad, CIGALAS PEQUEÃAS CONG         ,P,12.5,False,,
668,403a02f2-ed05-40e9-8585-6f40b50b297e, LANGOSTA CONG                 ,P,26.0,False,,
669,b03d2587-6a75-4e5e-bf8b-77cf7cf83969, LANGOSTA COLAS CONG           ,P,52.0,False,,
670,58ebf7f2-1176-4eb7-9420-bf5c8b02af48, CHIPIRONES CONG               ,P,5.710000038146973,False,,
671,d530c3cc-9509-4c54-94ab-4b680fb94d1a, PULPO GALLEGO CONG            ,P,9.0,False,,
672,e9fbf4ed-8f09-4854-9325-2e553e8753cd, PULPO THAILANDES CONG         ,P,6.5,False,,
673,1432f2bf-80c2-4150-b57b-6f34883e6f62, RAPE CONG                     ,P,15.5,False,,
674,96fb6feb-fd72-49ae-a706-87b1ce30486a, VOLADORES O POTAS CONG        ,P,2.799999952316284,True,,
675,bfddd27e-6bc0-430c-9acb-236e992f4443, ANGULAS CONG                  ,P,450.0,True,,
676,c6ec04bb-0282-4371-af4d-c644401a613d, SALMON CONG                   ,P,3.200000047683716,False,,
677,9876998d-79ca-4d33-8e61-c1eb0727ef54, SALMON RODAJAS CONG           ,P,4.199999809265137,False,,
678,bb1c6d29-349b-4dbb-bb13-aaf79dc2fe24, SALMON FILETE CONG            ,P,6.0,True,,
679,9a643145-0e2a-4755-8b82-d698c46b0eac, NECORAS CONG                  ,P,9.5,False,,
680,c3670165-0516-4c8a-8e68-c952c5191e2d, NECORAS COCIDAS EXTRA 5-7 CONG,P,15.5,True,,
681,c0649f70-424a-4189-9263-4da7e41a8a2e, NECORA COCIDA GRANDE 8-12 CONG,P,10.0,True,,
682,8ac0609b-bbb5-4eba-b748-cbaf7167776a, BRECAS CONG                   ,P,2.400000095367432,False,,
683,e72789c1-d8bb-4875-9944-9ae42f80dc1e, VIEIRAS CONG                  ,P,1.7999999523162842,False,,
684,0e7545c8-a6db-47d3-93d9-7443d27cdeab, EMPANADILLAS CONG             ,P,1.649999976158142,False,,
685,84b64848-1bb0-4448-b675-d1412a20b996, CROQUETAS CONG                ,P,1.649999976158142,True,,
686,00c699ee-f07f-4e40-96ae-5c932731caf8, CALAMARES ROMANA CONG         ,P,3.009999990463257,False,,
687,7779f628-04a8-48e9-b5b2-2bddb372eb82, PALITOS DE MERLUZA CONG       ,P,1.6799999475479126,True,,
688,e1aff865-6b43-4c5a-b472-41e30456dade, MUSLITOS CONG                 ,P,4.809999942779541,True,,
689,17a788be-73ca-44c1-bc13-36406ad7f309, PEZ ESPADA CONG               ,P,8.5,True,,
690,083d7f29-00ad-4791-a17a-e0dd1012e420, CAZON CONG                    ,P,3.5,True,,
691,6fc03fa1-ade8-4b8f-87f6-e7bc9713ccad, PANGA FILETE CONG             ,P,3.309999942779541,False,,
692,bbaacaeb-fa78-494e-9674-77c088efd1f9, SURIMI CONG                   ,P,9.600000381469728,True,,
693,c8bc0910-98e0-44c7-9508-48543e93dee6, GULA CONG                     ,P,15.029999732971191,True,,
694,7a454fec-34f7-43fd-b657-f4b6b358f233, LUBINA CONG                   ,P,9.020000457763672,False,,
695,d3dee3c8-626d-462d-9848-adc4f0ef7ad7, GALERA CONG                   ,P,3.009999990463257,True,,
696,1bca3a6e-0e31-4da8-be2a-a5e88e490c7e, REJO CONGELADO CONG           ,P,1.7999999523162842,False,,
697,3f25af27-a0d4-4422-ac98-d71e792acd12, DORADA CONG                   ,P,4.25,True,,
698,4a827bb8-b8dd-4f5a-aed9-49e149a52d92, ATUN CON CABEZA CONG          ,P,3.25,False,,
699,c20e021e-a6e7-425d-9753-68caed74b365, RESTO CONGELADOS CONG         ,P,0.0099999997764825,False,,
700,9d4faee4-0942-4a48-8a25-53faed6fed5f, HALIBUT CONGELADO CONG        ,P,3.299999952316284,False,,
701,2b5f5ec2-5816-4785-8815-da057a7dadf6, CIRUELA SUN GOLD              ,F,2.150000095367432,True,,
702,7bcaafef-1a02-4d1e-b5ac-1391f174afa9, CIRUELA OTRA FAMILIA BLAC     ,F,2.220000028610229,True,,
703,2ec6136b-7437-4071-8093-16cfa650a39f, MANDARINA ORTANIQUE           ,F,0.5400000214576721,True,,
704,eeba1950-0758-47a0-8610-e109707dca87, NARANJA NAVEL POWEL           ,F,0.5,False,,
705,73fcea45-3c09-472d-9ba7-86fbc2c1e88f, UVA NEGRA OTRAS VARIEDADE     ,F,1.950000047683716,True,,
706,4c995db8-f9f6-41d2-bf92-2f333f76d8da, LITCHIS                       ,F,12.0,False,,
707,d3fa8d34-08bd-4a8d-83d2-1cee8a8da727, ALCACHOFA BLANCA TUDELA       ,F,2.400000095367432,True,,
708,540c0e99-56a3-4760-b314-718138fad7c7, ALPICOCES                     ,F,0.0099999997764825,False,,
709,8f6a3977-7c9f-4fc0-b9a9-8e3f5c452d70, CARLOTAS                      ,F,0.0099999997764825,False,,
710,8ecabca3-eee6-4107-9b91-ed378a3830c9, PATATA NUEVA                  ,F,0.6000000238418579,True,,
711,36478e57-57c0-49a1-a71d-e8eb88dafae3, ATUN PATUDO U OBESO           ,P,9.0,False,,
712,8b9899ce-4daa-4f1b-b573-37e0199c207e, BONITO ATLANTICO RAYADO       ,P,3.0,True,,
713,865cc575-5e2c-4606-8c7a-d43e92a48e19, CABRACHO O RASCACIO           ,P,11.5,True,,
714,c3fd7e1f-fc68-4399-a2f6-4be3a9c54ef3, LISA                          ,P,0.8999999761581421,False,,
715,b77a11b1-eb32-46b4-bf1d-0e75365bbdb3, CHOPAS                        ,P,1.5,False,,
716,5cc84314-9455-466d-8121-2ccabfdc552e, SALAZONES                     ,P,7.599999904632568,False,,
717,c67479ae-4395-48d4-8a83-2a8a6f8cbb89, BOCAS                         ,P,24.040000915527344,False,,
718,7818199d-7e97-46f1-951c-e58bba7e54a0, BUEY                          ,P,9.5,False,,
719,0fa2b0b5-e483-488c-a5b3-bccce9deaee0, ACEDIAS CONG                  ,P,5.5,False,,
720,6ffb5229-0c75-4052-b9da-cc2f682c802e, BESUGO CONG                   ,P,12.020000457763672,True,,
721,aa30800b-451a-4719-8b28-f52291665178, CARABINERO GRANDE CONG        ,P,51.0,False,,
722,2131c434-3bea-431b-a34a-278ca15e69a5, CARIBENEROS MEDIANOS CONG     ,P,34.5,True,,
723,f833590d-baef-4cfe-bba2-1e77e38dba49, CARABINERO PEQUEÃO CONG       ,P,20.0,False,,
724,c52e3b25-0844-4623-9fa4-b083e7a8bfc8, PLATIJA CONG                  ,P,2.400000095367432,False,,
725,145771c4-bc38-4e90-ada8-6eeb6cc2c381, PERCA CONG                    ,P,4.5,True,,
726,f3328a6b-300d-4c18-a76e-4bfb6bf88ca1, ALMEJA CONG                   ,P,4.650000095367432,False,,
727,1b653d57-bea3-41d7-b50c-4073b30b6ee0, TINTORERA O CAELLA CONG       ,P,2.299999952316284,False,,
728,ac730131-0aba-4498-8e37-86f51764d132, BOGAVANTE CONGELADO CONG      ,P,12.5,False,,
729,b79fd594-d32a-446f-8b08-ad8a4387b120, HIGOS SECOS NACIONALES        ,F,5.0,False,,
730,ab151756-4963-44a5-8af2-182c99b97ce6, HIGOS NEGROS                  ,F,4.5,True,,
731,ea0d26cf-a2f4-4fdd-abe2-874881fc346c, LIMONES VERNA                 ,F,0.6000000238418579,True,,
732,7ea44b7b-9f4c-46b8-ba99-12c3c2d4c825, NARANJA VALENCIA LATE         ,F,0.6499999761581421,False,,
733,cd1f897c-3be5-48db-8510-c97e9e19d186, NISPEROS                      ,F,4.340000152587891,False,,
734,ace6988a-6d96-4800-a0f1-62b564d113f0, SANDIA CON SEMILLA            ,F,1.2999999523162842,True,,
735,8dfa0173-b4af-49de-89e5-2a9ca8fdb5e3, KUMKUAT                       ,F,4.0,True,,
736,3e4c6f87-2451-465a-8dbd-ab463a4d34c9, FISALIS                       ,F,8.0,True,,
737,2c8378e8-f1af-462f-ad83-9577bdc195b0, GROSELLA ROJA                 ,F,11.199999809265137,False,,
738,8a23a0a0-cee0-411c-ac86-da9c760404ea, HINOJO                        ,F,1.7999999523162842,False,,
739,cdb3436a-46d9-44a6-bb5a-c581f0d017ba, ESTORNINOS                    ,P,0.6000000238418579,True,,
740,6af89c7c-e3fd-4dfc-ac25-b3ae095bd562, FILETE BACALADILLA-LIRIO      ,P,4.440000057220459,True,,
741,c342a82b-b92a-4add-8f4d-1c9fe1651e1e, CABALLA O VERDEL PEQUEÃA      ,P,1.7999999523162842,True,,
742,b75b774f-ad60-4fbd-b267-f9cd1fd65dd6, GULA                          ,P,9.020000457763672,False,,
743,4f8be87c-6bc2-4c64-ab13-f5d4b9e0884b, MEJILLON NORMAL               ,P,1.5,False,,
744,0e87cba2-9470-4634-9932-24180e8cb657, ERIZO DE MAR                  ,P,15.0,False,,
745,31c48579-acf3-4546-a2ab-3fb7b05f6880, PESCADA CONG                  ,P,0.1000000014901161,True,,
746,9dd9c47e-91b1-4202-9e87-af9c17c3c209, BERBERECHO CONG               ,P,6.0,True,,
747,b0b7d102-83cd-44a4-933d-c16108398c44, BUEY CONG                     ,P,6.0,True,,
748,7f339952-2482-407a-8d35-dc910c574f37, CENTOLLOS CONG                ,P,6.5,True,,
749,558e74f7-f297-41a4-889e-81a947605cbd, CIRUELA ANGELENO              ,F,1.5,True,,
750,316171b0-ce2f-4c36-b847-05bd9ddca1b0, MELOCOTONES AMARILLO          ,F,3.75,False,,
751,38931539-16bf-49eb-babd-b294105f547b, PARAGUAYAS                    ,F,3.5,True,,
752,1fe5baeb-145b-495e-920d-d9b884a3e6c6, CEBOLLA NUEVA                 ,F,0.5299999713897705,False,,
753,0aca57eb-2a39-4d8d-9f1d-26c005e56d69, LULAS                         ,P,4.510000228881836,False,,
754,b4614559-f5f9-43ee-b145-a998dabb9c17, SAN PEDRO                     ,P,15.0,False,,
755,2a8a4283-8080-4006-a78f-f602358f3073, CARACOLES PEQUEÃOS            ,P,1.7999999523162842,True,,
756,1aebef08-8470-4880-b72d-f89c765a6618, GALLOS CONG                   ,P,4.210000038146973,True,,
757,df9b805c-62c9-4e1f-8aed-627a814ba86b, HUEVAS CONG                   ,P,5.710000038146973,True,,
758,ba491eae-40c6-4072-902b-7b1b6a1ea332, SALMONETES CONG               ,P,1.7999999523162842,True,,
759,0868f3f5-6fad-436d-b334-8f2d0f465725, PATAS O PECHOS CANGREJO CONG  ,P,24.0,True,,
760,583b2a06-5b7b-4fb2-ad69-15683933b8e0, ALBARICOQUES MAURICIO         ,F,1.5,True,,
761,7b75b3ad-7f38-412a-baaf-d8008f564831, BREVAS                        ,F,6.25,False,,
762,20783c39-52b0-4845-b6cc-996060775235, CEREZAS CALIFORNIA            ,F,2.0,True,,
763,17537234-50a8-4db2-a8ec-c761564d05cd, CEREZAS BURLAT                ,F,2.5,False,,
764,4202789e-9b9c-4126-9c28-84a4dfcb759c, CIRUELA RED BEAUTY            ,F,1.340000033378601,False,,
765,366eeacc-bd99-4df8-848d-0b96c1ff877c, MANDARINAS SATSUMAS           ,F,1.75,True,,
766,a9a74e67-c323-4f94-b88a-5a6457bbcd6a, MARACUYA                      ,F,7.599999904632568,True,,
767,0b1520ff-6e80-4f7d-91ed-d342e2c43a98, ARÃNDANOS                     ,F,4.0,True,,
768,e0e7feac-c3f3-4b03-8b7c-5aa63ee0e506, ALCACHOFAS DEL TERRENO        ,F,1.2000000476837158,False,,
769,4605f36f-0a53-4d93-99be-2ba2b9cee7a3, YAME O ÃAME                   ,F,1.5,False,,
770,7c4590d5-8029-4405-b139-70a69592ec91, RESTO DE HORTALIZAS           ,F,0.0099999997764825,False,,
771,fbb8b83b-64ca-4aaa-98f0-cf786bbcecfd, CABALLA O VERDEL TERCIADA     ,P,2.380000114440918,False,,
772,1206ebb0-cc06-4f6c-ab88-d2c9685500e2, SARDINA NORMAL                ,P,3.400000095367432,True,,
773,e6c02745-226f-4ead-87a8-980b336bacaa, GALERA                        ,P,5.0,False,,
774,f9bca8af-0451-4491-88f3-a5d6e94fbb71, PALOMETA O JAPUTA CONG        ,P,3.400000095367432,False,,
775,fa92c61b-96cf-4cb4-b9e9-8bfe4083e0e9, ALBARICOQUES MONIQUI          ,F,2.180000066757202,True,,
776,f382ad2f-59f1-4475-947d-74420182cf37, ALBARICOQUES PEPITO           ,F,2.150000095367432,True,,
777,c64dec55-1297-4480-a2d3-ddc0b95dbfe7, ALBARICOQUE GALTA ROJA        ,F,1.659999966621399,True,,
778,73a84c51-e3a3-403a-8059-63780ac3d539, CIRUELAS JAPAN                ,F,1.7999999523162842,True,,
779,2fd205ac-c240-4e42-879d-c11dcfbabd03, CIRUELA FRESA                 ,F,3.0,True,,
780,1d890262-6036-4777-a8b4-ed95794d96ed, LIMON EUREKA                  ,F,1.2000000476837158,False,,
781,518c9410-0b46-48f9-971a-3ba8086a590f, PERAS CASTELL O SANJUANER     ,F,2.5,True,,
782,6665a348-d852-4073-956d-3af2ae708957, PERA ETRUSCA                  ,F,1.340000033378601,False,,
783,53cdec70-3db6-4a40-b4e9-434ac909dc8d, UVA CARDINALE                 ,F,1.5,True,,
784,c40e2a88-a304-4a91-8468-63981849dfa8, OCRA                          ,F,7.0,True,,
785,44aa4448-adea-42da-9d2e-c60fd5fed432, GERMINADOS                    ,F,18.75,True,,
786,706a0af4-a7e2-410c-8b96-9e6201fa040f, PAK CHOI                      ,F,1.0,False,,
787,1ae57512-db01-49b1-92d0-ccdf9a04773a, MAGRE                         ,P,1.2000000476837158,True,,
788,7aed35a4-2237-47ca-a18b-27ed897ad81e, PESCADILLA NEGRA CARIOCA      ,P,1.0,True,,
789,53709437-c38d-4034-8ec4-41467290ab10, PINTARROJAS                   ,P,2.400000095367432,False,,
790,25b3fd8f-ef5b-4b84-92d5-67b093b07c2d, FILETE DE SARDINA             ,P,5.800000190734863,False,,
791,a71d1bb7-ea67-4b20-84cd-d1d528b23aa5, PAN CONG                      ,P,3.309999942779541,False,,
792,3057539f-03d4-48af-818a-f62ae5f4058f, CEREZAS AMBRUNESAS            ,F,1.649999976158142,False,,
793,df55332f-4524-405c-8994-36d0f3389286, CIRUELAS REINA CLAUDIA        ,F,2.200000047683716,False,,
794,31a0ca8b-a3ee-4b7a-8645-79e7b2a50e77, CIRUELAS GOLDEN               ,F,0.8600000143051147,True,,
795,75166bc6-11d7-4a65-a43a-9be5cce05a42, CIRUELAS CLAUDIA FRANCESA     ,F,1.5,True,,
796,ec4678c9-846f-41e1-ac21-dba661c2ce73, CIRUELAS TOLOSA               ,F,2.0,False,,
797,04b44d10-ecdf-4548-aa87-1a713d328cd0, HIGOS VERDES                  ,F,2.9800000190734863,False,,
798,b09bb768-e073-4309-b4fe-7a2e153f4f29, MANDARINAS CLEMENTINAS        ,F,1.409999966621399,True,,
799,5c8c0205-a743-4681-8f71-71706bafddc1, PERAS LIMONERAS               ,F,1.100000023841858,True,,
800,babfc13a-664d-4776-8898-c59bc2382518, PERAS MORATINI                ,F,1.0,False,,
801,ad59649d-fc86-43b8-8f7c-8d9edc9139fe, PERA MAGALLON                 ,F,1.7699999809265137,False,,
802,e8aedcd7-a30e-4ebc-aa0b-1ea442bc8837, BOQUERON PORTUGUES            ,P,2.6700000762939453,False,,
803,47d75fbc-665e-4070-b02f-c350be4b1769, LIRIO                         ,P,1.5,False,,
804,1d18d1f7-4bb1-427b-8782-0a34bd08a186, CHIRLA NACIONAL PEQUEÃA       ,P,3.5,True,,
805,424543da-fb58-4fac-a1b7-84ac17fded12, MELOCOTONES CALANDA           ,F,2.5899999141693115,False,,
806,48eb3835-53f0-485f-bff9-e6ee3c5c94f2, UVA MOSCATEL ESPAÃOLA         ,F,2.0899999141693115,True,,
807,5591175d-6ef5-4e28-8988-4093f0dff913, UVA ROSETTI                   ,F,1.2200000286102295,False,,
808,523ca5e2-8d37-4412-b90a-38750185b6a6, UVA IDEAL                     ,F,1.2799999713897705,False,,
809,d6cbe04a-e79e-451e-bdb1-815a3244e447, UVA ALFONSO LAVALLE           ,F,0.949999988079071,False,,
810,915c3789-000f-4de5-9cab-f009fff3f61b, UVA VILLANUEVA                ,F,0.8500000238418579,False,,
811,736c9988-d23d-4099-a745-521136ff0895, HIGO CHUMBO                   ,F,1.600000023841858,True,,
812,ec092a47-7ba1-47fe-b673-0279108e3cf2, MACHE O BERROS                ,F,10.5,False,,
813,dd3a953f-c89e-49c2-92f9-99ecd5920c1d, BOCARTE                       ,P,3.009999990463257,False,,
814,4f12d57f-453e-4771-9544-e8c3d037a0a4, GALLINETA CONG                ,P,1.2000000476837158,True,,
815,b60b08e4-4437-44ea-80b9-7d800699da63, CAQUI ROJO BRILLANTE          ,F,2.0,True,,
816,31bd8f98-5b4a-4382-ba2e-8d52a8b4aee8, CIRUELA ANASPAR               ,F,1.2000000476837158,False,,
817,51b5fe00-bd5c-49df-9808-eea717d0ce8e, MANDARINA OKITSU              ,F,0.6000000238418579,True,,
818,55230dee-63ee-452f-9947-2fac82a7c94a, MEMBRILLOS                    ,F,1.399999976158142,False,,
819,b90bb18e-6e91-45fd-903d-0fc940bdc888, GUAYABOS                      ,F,6.329999923706055,False,,
820,87c6baec-6751-46f0-af55-835ecb90d9fa, SETA/HONGO BOLETUS EDULIS     ,F,18.5,False,,
821,4ca148f6-a1d7-455b-aa1a-cf7d15c746b4, BACALAO ACUIC. FILETE         ,P,6.5,True,,
822,20d1c6f9-db94-4387-a0b8-c9a28c68e08e, BACALAO ACUICULTUR ENTERO     ,P,7.840000152587891,True,,
823,2aec2613-938a-48bc-9d4a-094a0264199c, CABALLA CONG                  ,P,1.649999976158142,False,,
824,b3615e2e-4077-4ff8-a456-84a6decc8890, MANDARINAS MARISOL            ,F,1.159999966621399,True,,
825,9c86b6ae-bef6-40d1-b7a5-ae2b64aae38b, MANDARINA ORONULES            ,F,1.4500000476837158,True,,
826,41cf5900-136f-4831-9380-884ebc9a6758, GUANÃBANA                     ,F,26.0,False,,
827,731fb6a9-e302-4e02-818a-e27f924b5c77, BONITO BACORETA               ,P,3.150000095367432,False,,
828,ed4cc832-949a-4872-80b2-15329943160a, PERDIZ                        ,C,1.1200000047683716,True,,
829,dfb54efe-ee29-4627-9db0-cb52df922189, MEJILLON CONG                 ,P,5.0,True,,
830,5ac3d7e9-3ce7-4b74-8eb8-a17d782f9638, RODABALLO CONG                ,P,9.619999885559082,True,,
831,67ebac9f-cb5b-4a60-b386-ce5d5a86ea1f, VACUNO ELABORADO              ,C,16.68,True,,
832,bad1a389-1b21-405f-93a9-42bdf31abe93, VACUNO FRESCO AJUSTE IAE      ,C,12.01,False,,
833,bc0cd832-be2c-4897-b0a6-e32257a7c014, OVINO PRECOCINADO             ,C,7.73,False,,
834,deb60a4a-0b2f-4fac-8511-e06f2f359b23, OVINO FRESCO AJUSTE IAE       ,C,4.7,False,,
835,dbffc4d2-aba5-4ed5-a4a8-b87c28867947, PORCINO ELABORADO             ,C,7.91,True,,
836,6b068aac-922f-45fa-ab24-b0108b48ecc4, PORCINO FRESCO AJUSTE IAE     ,C,5.64,True,,
837,202dd90b-fbd6-4704-a66d-fe1d425abd7b, CODORNIZ                      ,C,5.08,False,,
838,0704bbe9-7dba-414d-8fd4-bc8a11e7ccb7, AVICOLA ELABORADO             ,C,11.78,False,,
839,d63ed651-feec-4c8e-98ad-0dc33b159ea4, VACUNO DESPIECE               ,C,11.75,True,,
840,75a57350-4132-4f80-a0e4-d4dc66d26243, VACUNO CONG. AJUSTE IAE       ,C,8.34,True,,
841,f7bc5f3c-97db-48f3-9919-f54ca1f13831, OVINO DESPIECE CONG.          ,C,12.58,False,,
842,4d454f21-c7d8-4d3d-8f9f-477811fe8241, OVINO CONG. AJUSTE IAE        ,C,12.61,False,,
843,a33aa117-b7b0-4d4e-a915-0b9234d88bf4, PORCINO DESPIECE CONG.        ,C,10.77,True,,
844,d5c68cb8-fddd-429d-8a3c-094bd8e0341c, PORCINO CONG AJUSTE IAE       ,C,6.89,False,,
845,ab468d90-8d9d-48dd-a6c0-0ea1f48232b1, CUARTA GAMA FRUTAS            ,F,2.7,False,,
846,967f5b22-c58b-4ac8-ba59-76fbe6b76b29, CUARTA GAMA HORTALIZAS        ,F,2.57,True,,
847,c5ba57d5-0afb-4804-bd64-e7807bc438f5, QUINTA GAMA HORTALIZAS        ,F,1.98,False,,
848,56f074a1-19e9-47c8-9f0d-1b436594e0d5, CONSERVAS VEGETALES           ,F,2.98,False,,
849,3476af55-8334-417a-b4a1-6835916143ed, CONGELADOS VEGEALES           ,F,2.66,True,,
850,209dc223-25de-4157-8a6e-0c90730fb3b0, ELABORADOS VEGETALES          ,F,1.78,False,,
851,3c4030ae-5179-4bdd-9e41-2dad679bef56, PRECOCINADOS VEGETALES        ,F,2.63,False,,
852,da1322b5-7567-4d12-8835-452b85cdf270, ELABORADOS CONGELADOS CONG    ,P,7.28,False,,
853,9f736128-744f-4ec2-a0c1-6446e8461e96, AVÃCOLA FRESCO AJUSTE IAE     ,C,9.72,True,,
854,6bb72866-ddc0-4048-87f5-57f70e3caf8a, RABANILLAS                    ,F,2.59,False,,
855,cd3feabd-7cd0-4c5b-88b0-f457d7edaf74, HELADOS CONG                  ,P,9.67,False,,
856,e75b2587-ca07-4938-b9f0-8cbd4f5b5928, PELAYA CONG                   ,P,23.15,False,,
857,51dd7bf4-ee48-4f78-a276-0177de56e54b, PESCADOS AHUMADOS CONG        ,P,16.36,True,,
858,b3a015ff-5a7f-44d7-81f6-bb1c693caf7b, VACUNO CONSERVA               ,C,11.45,False,,
859,205c95ad-ccbd-4712-82c1-f030fa46602e, OVINO ELABORADO               ,C,17.04,True,,
860,25fe99a7-ebcd-4f19-9988-a4c875bb27ca, AVICOLA PRECOCINADO           ,C,15.09,True,,
861,9ba6d28b-207c-418d-a8c8-5651c022c7a3, CEBOLLINO                     ,F,2.52,True,,
862,26d1268c-e9fc-4f5b-8897-465cd50dc336, HIERBAS AROMÃTICAS            ,F,1.73,True,,
863,8268896e-8ec9-40e7-9529-b9bcf35c191a, PERCEBE CONGELADO CONG        ,P,11.47,True,,
864,3410555c-2908-44c4-b4af-b19c0a6d60ba, MICROVEGETALES                ,F,1.42,True,,
865,336a62f2-7f35-4171-8671-1d8d45325e5c, EDDO                          ,F,2.06,True,,
866,18a279e4-8ed1-4043-8aa9-f7521de6d5e7, FLORES COMESTIBLES            ,F,2.09,True,,
867,d2851d4b-6c39-4466-831d-44d2aaa4e0da, KALE                          ,F,1.84,True,,
868,0f103b69-0c0f-4ca1-9cc0-62f9667c14e7, AVÃCOLA CONG AJUSTE IAE       ,C,5.79,False,,
869,8ef89752-143c-49b3-8545-39f6d190f8d2, BOLLERIA CONG                 ,P,22.66,False,,
870,2194edd2-1086-4877-bfe0-aa3834d8c596, VACUNO PRECOCINADO            ,C,8.09,False,,
871,b0be0964-b8f1-499d-91d1-2066aa8ccb64, OVINO CONSERVA                ,C,11.37,True,,
872,7fa82b6c-15bf-49fb-b7f2-163d1d41952f, PORCINO PRECOCINADO           ,C,13.21,True,,
873,91295c02-088f-4edf-a7b5-ed995455c02d, AVICOLA CONSERVA              ,C,16.53,True,,
